Library_ID,pop_id,Record_ID,CONTINENT,REGION,WHO_region,ISO_CTRY,ADM0,ADM0_ID,ADM1,ADM1_ID,ADM2,ADM2_ID,TypeSite,Site_name,Precision,Latitude,Longitude,PoT,Coverage,Trial,TimePeriod,Year_start,Year_end,N_rounds,Method_0,LF_species,Sex,Age_Range,Age_start,Age_end,Author,Source,Year,Approval,Reference,Blood_volu_mean_Any_clinic,Blood_volu_mean_Blood_smear,Blood_volu_mean_Brugia_Rapid,Blood_volu_mean_Chamber,Blood_volu_mean_ELISA,Blood_volu_mean_Filtration,Blood_volu_mean_Hydrocele,Blood_volu_mean_ICT,Blood_volu_mean_IFI,Blood_volu_mean_Knott,Blood_volu_mean_Lymphedema,Blood_volu_mean_New_rapid_test,Blood_volu_mean_PCR,prev_mean_Any_clinic,prev_mean_Blood_smear,prev_mean_Brugia_Rapid,prev_mean_Chamber,prev_mean_ELISA,prev_mean_Filtration,prev_mean_Hydrocele,prev_mean_ICT,prev_mean_IFI,prev_mean_Knott,prev_mean_Lymphedema,prev_mean_New_rapid_test,prev_mean_PCR,density_mean_Any_clinic,density_mean_Blood_smear,density_mean_Brugia_Rapid,density_mean_Chamber,density_mean_ELISA,density_mean_Filtration,density_mean_Hydrocele,density_mean_ICT,density_mean_IFI,density_mean_Knott,density_mean_Lymphedema,density_mean_New_rapid_test,density_mean_PCR,pop_sum_Any_clinic,pop_sum_Blood_smear,pop_sum_Brugia_Rapid,pop_sum_Chamber,pop_sum_ELISA,pop_sum_Filtration,pop_sum_Hydrocele,pop_sum_ICT,pop_sum_IFI,pop_sum_Knott,pop_sum_Lymphedema,pop_sum_New_rapid_test,pop_sum_PCR,np_sum_Any_clinic,np_sum_Blood_smear,np_sum_Brugia_Rapid,np_sum_Chamber,np_sum_ELISA,np_sum_Filtration,np_sum_Hydrocele,np_sum_ICT,np_sum_IFI,np_sum_Knott,np_sum_Lymphedema,np_sum_New_rapid_test,np_sum_PCR,diagnostics,num_diagnostics,specificity,Comments
BFA0008LF,317,LF362BF,Africa,Western Africa,AFRO/EMRO,BF,Burkina Faso,42,Centre-Sud,40282,Sapone,3789,Location,Nacombgo,1,11.95,-1.55,Preintervention,No,No,2000-2010,2002,2002,0,SS/Spot,Wuchereria bancrofti,Both,Adults/Children,0,99,Burkina Faso Ministry of Health,Report,2010,No,Programme to Eliminate Lymphatic Filariasis. Country Report WHO; BFA0020_LF2010,NA,60,NA,NA,NA,NA,0,100,NA,NA,0,NA,NA,NA,0.105,NA,NA,NA,NA,0,0.03,NA,NA,0.003,NA,NA,NA,2322,NA,NA,NA,NA,0,0,NA,NA,0,NA,NA,NA,572,NA,NA,NA,NA,225,101,NA,NA,572,NA,NA,NA,60,NA,NA,NA,NA,0,3,NA,NA,2,NA,NA,Blood_smear + ICT + Hydrocele + Lymphedema,4,age + location + year + MDA round + Pre/Post Intervention,
CIV0004LF,917,LF1012CI,Africa,Western Africa,AFRO/EMRO,CI,Cote d'Ivoire,66,Bas Sassandra,1040,Sassandra,0,Location,Kokolopozo,1,5.1333,-6.0833,Postintervention,Country,No,2000-2010,2009,2009,1,SS/Spot,Wuchereria bancrofti,Both,Adults/Children,0,99,Cote d'Ivoire Ministry of Health,Report,2009,No,Programme to Eliminate Lymphatic Filariasis. Country Report WHO; CIV0003_LF2009,NA,60,NA,NA,NA,NA,0,100,NA,NA,0,NA,NA,NA,0.019,NA,NA,NA,NA,0,0.012,NA,NA,0.013,NA,NA,NA,0,NA,NA,NA,NA,0,0,NA,NA,0,NA,NA,NA,309,NA,NA,NA,NA,0,78,NA,NA,159,NA,NA,NA,6,NA,NA,NA,NA,0,1,NA,NA,2,NA,NA,Blood_smear + ICT + Hydrocele + Lymphedema,4,age + location + year + MDA round + Pre/Post Intervention,
EGY0008LF,1499,LF1621EG,Africa,Northern Africa,AFRO/EMRO,EG,Egypt,40765,Dumyat (damietta),1177,Administrative unit not available,15559,Location,Kafr Saad,2,31.34737,31.601732,Preintervention,No,No,1990-2000,1995,1999,0,Mapping survey,Wuchereria bancrofti,Both,Adults/Children,10,99,"Ramzy RM, Helmy H, el-Lethy AS, Kandil AM, Ahmed ES, Weil GJ and Faris R",Published paper,1999,Yes,Field evaluation of a rapid-format kit for the diagnosis of bancroftian filariasis in Egypt,NA,50,NA,NA,300,300,NA,100,NA,NA,NA,NA,NA,NA,0.007,NA,NA,0.172,0.02,NA,0.007,NA,NA,NA,NA,NA,NA,0,NA,NA,0,0,NA,0,NA,NA,NA,NA,NA,NA,151,NA,NA,151,151,NA,151,NA,NA,NA,NA,NA,NA,1,NA,NA,26,3,NA,1,NA,NA,NA,NA,NA,Blood_smear + Filtration + ICT + ELISA,4,location,
GMB0003LF,3355,LF4057GM,Africa,Western Africa,AFRO/EMRO,GM,The Gambia,90,Western,1290,Kombo North,16440,Location,Mandinari,1,13.366667,-16.6,Preintervention,No,No,before 1990,1950,1956,0,Mapping survey,Wuchereria bancrofti,Both,Adults/Children,0,0,Minning W and McFadzean JA,Published paper,1956,Yes,"Serological investigations in an area of endemic filariasis due to Wuchereria bancrofti and Acanthocheilonema perstans in Gambia, West Africa",NA,20,NA,NA,NA,NA,NA,20,NA,NA,NA,NA,NA,NA,0.267,NA,NA,NA,NA,NA,0.167,NA,NA,NA,NA,NA,NA,0,NA,NA,NA,NA,NA,0,NA,NA,NA,NA,NA,NA,150,NA,NA,NA,NA,NA,150,NA,NA,NA,NA,NA,NA,40,NA,NA,NA,NA,NA,25,NA,NA,NA,NA,NA,Blood_smear + ICT,2,Total,1956; should drop
LKA0011LF,5256,LF6285LK,Asia,Southern Asia,SEARO,LK,Sri Lanka,231,Western,2744,Gampaha,25852,Location,Gampaha (survey site 1),1,6.931667,79.847778,Preintervention,No,No,1990-2000,1999,1999,0,SS/Spot,,Both,Adults,14,76,Chandrasena TGAN and Premaratnal R,Personal Commnunication,2002,Yes,Evaluation of the ICT whole-blood Wuchereria bancrofii in Sri Lanka card test to detect infection due to,0,0,NA,NA,NA,NA,NA,0,NA,NA,NA,NA,NA,0.233,0.342,NA,NA,NA,NA,NA,0.342,NA,NA,NA,NA,NA,0,0,NA,NA,NA,NA,NA,0,NA,NA,NA,NA,NA,73,73,NA,NA,NA,NA,NA,73,NA,NA,NA,NA,NA,17,25,NA,NA,NA,NA,NA,25,NA,NA,NA,NA,NA,Blood_smear + ICT + Any_clinic,3,location,Village level data not available for crossreference online; plausible
LKA0014LF,5086,LF6103LK,Asia,Southern Asia,SEARO,LK,Sri Lanka,231,Western,2744,Gampaha,25852,Location,Kelaniya,1,6.955203,79.917552,Postintervention,Country,No,2000-2010,2005,2005,1,Mapping survey,Wuchereria bancrofti,Both,Adults/Children,5,85,"Gunawardena GSa, Ismail MM, Bradley MH and Karunaweera ND",Published paper,2007,Yes,"Impact of the 2004 mass drug administration for the control of lymphatic filariasis, in urban and rural areas of the Western province of Sri Lanka.",NA,NA,NA,NA,NA,1000,NA,100,NA,NA,NA,NA,NA,NA,NA,NA,NA,NA,0.005,NA,0,NA,NA,NA,NA,NA,NA,NA,NA,NA,NA,0,NA,0,NA,NA,NA,NA,NA,NA,NA,NA,NA,NA,200,NA,200,NA,NA,NA,NA,NA,NA,NA,NA,NA,NA,1,NA,0,NA,NA,NA,NA,NA,Filtration + ICT,2,location + year,Verified
MWI0005LF,8677,LF10373MW,Africa,Eastern Africa,AFRO/EMRO,MW,Malawi,152,Northern Region,1889,Karonga,19317,Location,Kashata,1,-9.73315,33.88652,Postintervention,Country,No,2010-on,2014,2014,5,SS/Spot,Wuchereria bancrofti,Both,Adults/Children,5,99,Malawi Ministry of Health,Report,2016,No,Programme to Eliminate Lymphatic Filariasis. Country Report WHO; MWI0009_LF2016,NA,60,NA,NA,NA,NA,NA,100,NA,NA,NA,NA,NA,NA,0.003,NA,NA,NA,NA,NA,0.003,NA,NA,NA,NA,NA,NA,0,NA,NA,NA,NA,NA,0,NA,NA,NA,NA,NA,NA,300,NA,NA,NA,NA,NA,300,NA,NA,NA,NA,NA,NA,1,NA,NA,NA,NA,NA,1,NA,NA,NA,NA,NA,Blood_smear + ICT,2,location + year + MDA round + Pre/Post Intervention,
NGA0014LF,2717,LF3141NG,Africa,Western Africa,AFRO/EMRO,NG,Nigeria,182,Nasarawa,65705,Akwanga,0,Location,Gbuwhen,2,7.3115,8.6393,Postintervention,Country,No,2000-2010,2006,2006,5,SS/Spot,Wuchereria bancrofti,Both,Adults/Children,0,0,Nigeria Ministry of Health,Report,2006,No,Programme to Eliminate Lymphatic Filariasis. Country Report WHO; NGA0007_LF2006,NA,20,NA,NA,NA,NA,NA,100,NA,NA,NA,NA,NA,NA,0.005,NA,NA,NA,NA,NA,0.005,NA,NA,NA,NA,NA,NA,0,NA,NA,NA,NA,NA,0,NA,NA,NA,NA,NA,NA,183,NA,NA,NA,NA,NA,183,NA,NA,NA,NA,NA,NA,1,NA,NA,NA,NA,NA,1,NA,NA,NA,NA,NA,Blood_smear + ICT,2,location + MDA round,
NGA0014LF,2773,LF3262NG,Africa,Western Africa,AFRO/EMRO,NG,Nigeria,182,Plateau,65707,Quan-Pan,0,Location,Piapung,2,9.033333,9.516667,Postintervention,Country,No,2000-2010,2006,2006,4,SS/Spot,Wuchereria bancrofti,Both,Adults/Children,0,0,Nigeria Ministry of Health,Report,2006,No,Programme to Eliminate Lymphatic Filariasis. Country Report WHO; NGA0007_LF2006,NA,20,NA,NA,NA,NA,NA,100,NA,NA,NA,NA,NA,NA,0.037,NA,NA,NA,NA,NA,0.037,NA,NA,NA,NA,NA,NA,0,NA,NA,NA,NA,NA,0,NA,NA,NA,NA,NA,NA,160,NA,NA,NA,NA,NA,160,NA,NA,NA,NA,NA,NA,6,NA,NA,NA,NA,NA,6,NA,NA,NA,NA,NA,Blood_smear + ICT,2,location + MDA round,
NGA0016LF,2785,LF3283NG,Africa,Western Africa,AFRO/EMRO,NG,Nigeria,182,Nasarawa,65705,Wamba,0,Location,Maiganga,1,9,8.55,Postintervention,Country,No,2000-2010,2008,2008,8,SS/Spot,Wuchereria bancrofti,Both,Unknown,0,0,Nigeria Ministry of Health,Report,2008,No,Programme to Eliminate Lymphatic Filariasis. Country Report WHO; NGA0013_LF2008,0,60,NA,NA,NA,NA,0,100,NA,NA,0,NA,NA,0,0.018,NA,NA,NA,NA,0,0.018,NA,NA,0,NA,NA,0,0.03,NA,NA,NA,NA,0,0,NA,NA,0,NA,NA,109,109,NA,NA,NA,NA,0,109,NA,NA,0,NA,NA,0,2,NA,NA,NA,NA,0,2,NA,NA,0,NA,NA,Blood_smear + ICT + Hydrocele + Lymphedema + Any_clinic,5,location + MDA round,
NGA0017LF,2736,LF3176NG,Africa,Western Africa,AFRO/EMRO,NG,Nigeria,182,Ekiti,65702,Efon,0,Location,Ere-Agba,1,7.716667,4.783333,Postintervention,Country,No,2000-2010,2008,2008,2,SS/Spot,Wuchereria bancrofti,Both,Unknown,0,0,Nigeria Ministry of Health,Report,2009,No,Programme to Eliminate Lymphatic Filariasis. Country Report WHO; NGA0014_LF2009,0,60,NA,NA,NA,NA,0,100,NA,NA,0,NA,NA,0,0.012,NA,NA,NA,NA,0,0,NA,NA,0,NA,NA,0,16.7,NA,NA,NA,NA,0,0,NA,NA,0,NA,NA,0,485,NA,NA,NA,NA,0,0,NA,NA,0,NA,NA,0,6,NA,NA,NA,NA,0,0,NA,NA,0,NA,NA,Blood_smear + ICT + Hydrocele + Lymphedema + Any_clinic,5,age + location + year + MDA round,
NGA0017LF,2742,LF3190NG,Africa,Western Africa,AFRO/EMRO,NG,Nigeria,182,Ondo,65706,Ifedore,0,Location,Isarun,1,7.404312,5.067102,Postintervention,Country,No,2000-2010,2008,2008,2,SS/Spot,Wuchereria bancrofti,Both,Unknown,0,0,Nigeria Ministry of Health,Report,2009,No,Programme to Eliminate Lymphatic Filariasis. Country Report WHO; NGA0014_LF2009,0,60,NA,NA,NA,NA,0,100,NA,NA,0,NA,NA,0,0.031,NA,NA,NA,NA,0,0,NA,NA,0,NA,NA,0,18.9,NA,NA,NA,NA,0,0,NA,NA,0,NA,NA,0,489,NA,NA,NA,NA,0,0,NA,NA,0,NA,NA,0,15,NA,NA,NA,NA,0,0,NA,NA,0,NA,NA,Blood_smear + ICT + Hydrocele + Lymphedema + Any_clinic,5,age + location + year + MDA round,
NGA0017LF,2743,LF3195NG,Africa,Western Africa,AFRO/EMRO,NG,Nigeria,182,Osun,2234,Ila,0,Location,Ajaba,2,7.60584,3.91744,Postintervention,Country,No,2000-2010,2008,2008,2,SS/Spot,Wuchereria bancrofti,Both,Unknown,0,0,Nigeria Ministry of Health,Report,2009,No,Programme to Eliminate Lymphatic Filariasis. Country Report WHO; NGA0014_LF2009,0,60,NA,NA,NA,NA,0,100,NA,NA,0,NA,NA,0,0.018,NA,NA,NA,NA,0,0,NA,NA,0,NA,NA,0,1.8,NA,NA,NA,NA,0,0,NA,NA,0,NA,NA,0,498,NA,NA,NA,NA,0,0,NA,NA,0,NA,NA,0,9,NA,NA,NA,NA,0,0,NA,NA,0,NA,NA,Blood_smear + ICT + Hydrocele + Lymphedema + Any_clinic,5,age + location + year + MDA round,
NGA0020LF,2744,LF3197NG,Africa,Western Africa,AFRO/EMRO,NG,Nigeria,182,Ondo,65706,Irele,0,Location,Ajagba,1,6.42135,4.92137,Preintervention,No,No,2000-2010,2009,2009,0,SS/Spot,Wuchereria bancrofti,Both,Adults/Children,0,0,Nigeria Ministry of Health,Report,2010,No,Programme to Eliminate Lymphatic Filariasis. Country Report WHO; NGA0016_LF2010,0,60,NA,NA,NA,NA,0,100,NA,NA,0,NA,NA,0,0.029,NA,NA,NA,NA,0,0,NA,NA,0,NA,NA,0,18,NA,NA,NA,NA,0,0,NA,NA,0,NA,NA,0,453,NA,NA,NA,NA,0,0,NA,NA,0,NA,NA,0,13,NA,NA,NA,NA,0,0,NA,NA,0,NA,NA,Blood_smear + ICT + Hydrocele + Lymphedema + Any_clinic,5,location + year,
NGA0020LF,2765,LF3252NG,Africa,Western Africa,AFRO/EMRO,NG,Nigeria,182,Ondo,65706,Ose,0,Location,Idogun,1,7.3,5.95,Preintervention,No,No,2000-2010,2009,2009,0,SS/Spot,Wuchereria bancrofti,Both,Adults/Children,0,0,Nigeria Ministry of Health,Report,2010,No,Programme to Eliminate Lymphatic Filariasis. Country Report WHO; NGA0016_LF2010,0,60,NA,NA,NA,NA,0,100,NA,NA,0,NA,NA,0,0.108,NA,NA,NA,NA,0,0,NA,NA,0,NA,NA,0,18.8,NA,NA,NA,NA,0,0,NA,NA,0,NA,NA,0,517,NA,NA,NA,NA,0,0,NA,NA,0,NA,NA,0,56,NA,NA,NA,NA,0,0,NA,NA,0,NA,NA,Blood_smear + ICT + Hydrocele + Lymphedema + Any_clinic,5,location + year,
NGA0025LF,2874,LF3418NG,Africa,Western Africa,AFRO/EMRO,NG,Nigeria,182,Nasarawa,65705,Akwanga,0,Location,Gbuwhen,2,7.3115,8.6393,Postintervention,Country,No,2000-2010,2006,2006,7,SS/Spot,Wuchereria bancrofti,Both,Adults/Children,2,99,"Richards FO, Eigege A, Miri ES, Kal A, Umaru J, Pam D, Rakers LJ, Sambo Y, Danboyi J, Ibrahim B, Adelamo SE, Ogah G, Goshit D, Oyenekan OK, Mathieu E, Withers PC, Saka YA, Jiya J and Hopkins DR",Published paper,2011,Yes,Epidemiological and entomological evaluations after six years or more of mass drug administration for lymphatic filariasis elimination in Nigeria,NA,60,NA,NA,NA,NA,NA,100,NA,NA,NA,NA,NA,NA,0.005,NA,NA,NA,NA,NA,0,NA,NA,NA,NA,NA,NA,0,NA,NA,NA,NA,NA,0,NA,NA,NA,NA,NA,NA,183,NA,NA,NA,NA,NA,0,NA,NA,NA,NA,NA,NA,1,NA,NA,NA,NA,NA,0,NA,NA,NA,NA,NA,Blood_smear + ICT,2,location + year + MDA round + Pre/Post Intervention,ICT prevalence cannot possibly be actually zero; 2005- 4.5% (n = 446) and 2007 - 6.4% (n =178)
NGA0025LF,2879,LF3423NG,Africa,Western Africa,AFRO/EMRO,NG,Nigeria,182,Plateau,65707,Kanam,0,Location,Gwamlar,3,9.7167,9.8167,Postintervention,Country,No,2000-2010,2006,2006,5,SS/Spot,Wuchereria bancrofti,Both,Adults/Children,2,99,"Richards FO, Eigege A, Miri ES, Kal A, Umaru J, Pam D, Rakers LJ, Sambo Y, Danboyi J, Ibrahim B, Adelamo SE, Ogah G, Goshit D, Oyenekan OK, Mathieu E, Withers PC, Saka YA, Jiya J and Hopkins DR",Published paper,2011,Yes,Epidemiological and entomological evaluations after six years or more of mass drug administration for lymphatic filariasis elimination in Nigeria,NA,60,NA,NA,NA,NA,NA,100,NA,NA,NA,NA,NA,NA,0.121,NA,NA,NA,NA,NA,0,NA,NA,NA,NA,NA,NA,0,NA,NA,NA,NA,NA,0,NA,NA,NA,NA,NA,NA,240,NA,NA,NA,NA,NA,0,NA,NA,NA,NA,NA,NA,29,NA,NA,NA,NA,NA,0,NA,NA,NA,NA,NA,Blood_smear + ICT,2,location + year + MDA round + Pre/Post Intervention,ICT prevalence cannot possibly be actually zero; years around ICT prev around 20%
NGA0025LF,2886,LF3430NG,Africa,Western Africa,AFRO/EMRO,NG,Nigeria,182,Plateau,65707,Pankshin,0,Location,Lankan,1,9.3,9.3333,Postintervention,Country,No,2000-2010,2006,2006,7,SS/Spot,Wuchereria bancrofti,Both,Adults/Children,2,99,"Richards FO, Eigege A, Miri ES, Kal A, Umaru J, Pam D, Rakers LJ, Sambo Y, Danboyi J, Ibrahim B, Adelamo SE, Ogah G, Goshit D, Oyenekan OK, Mathieu E, Withers PC, Saka YA, Jiya J and Hopkins DR",Published paper,2011,Yes,Epidemiological and entomological evaluations after six years or more of mass drug administration for lymphatic filariasis elimination in Nigeria,NA,60,NA,NA,NA,NA,NA,100,NA,NA,NA,NA,NA,NA,0.025,NA,NA,NA,NA,NA,0,NA,NA,NA,NA,NA,NA,0,NA,NA,NA,NA,NA,0,NA,NA,NA,NA,NA,NA,81,NA,NA,NA,NA,NA,0,NA,NA,NA,NA,NA,NA,2,NA,NA,NA,NA,NA,0,NA,NA,NA,NA,NA,Blood_smear + ICT,2,location + year + MDA round + Pre/Post Intervention,ICT prevalence cannot possibly be actually zero
NGA0025LF,2892,LF3436NG,Africa,Western Africa,AFRO/EMRO,NG,Nigeria,182,Nasarawa,65705,Wamba,0,Location,Maiganga,1,9,8.55,Postintervention,Country,No,2000-2010,2006,2006,6,SS/Spot,Wuchereria bancrofti,Both,Adults/Children,2,99,"Richards FO, Eigege A, Miri ES, Kal A, Umaru J, Pam D, Rakers LJ, Sambo Y, Danboyi J, Ibrahim B, Adelamo SE, Ogah G, Goshit D, Oyenekan OK, Mathieu E, Withers PC, Saka YA, Jiya J and Hopkins DR",Published paper,2011,Yes,Epidemiological and entomological evaluations after six years or more of mass drug administration for lymphatic filariasis elimination in Nigeria,NA,60,NA,NA,NA,NA,NA,100,NA,NA,NA,NA,NA,NA,0.056,NA,NA,NA,NA,NA,0,NA,NA,NA,NA,NA,NA,0,NA,NA,NA,NA,NA,0,NA,NA,NA,NA,NA,NA,126,NA,NA,NA,NA,NA,0,NA,NA,NA,NA,NA,NA,7,NA,NA,NA,NA,NA,0,NA,NA,NA,NA,NA,Blood_smear + ICT,2,location + year + MDA round + Pre/Post Intervention,ICT prevalence cannot possibly be actually zero
NGA0025LF,2894,LF3438NG,Africa,Western Africa,AFRO/EMRO,NG,Nigeria,182,Nasarawa,65705,Wamba,0,Location,Maiganga,1,9,8.55,Postintervention,Country,No,2000-2010,2008,2008,8,SS/Spot,Wuchereria bancrofti,Both,Adults/Children,2,99,"Richards FO, Eigege A, Miri ES, Kal A, Umaru J, Pam D, Rakers LJ, Sambo Y, Danboyi J, Ibrahim B, Adelamo SE, Ogah G, Goshit D, Oyenekan OK, Mathieu E, Withers PC, Saka YA, Jiya J and Hopkins DR",Published paper,2011,Yes,Epidemiological and entomological evaluations after six years or more of mass drug administration for lymphatic filariasis elimination in Nigeria,NA,60,NA,NA,NA,NA,NA,100,NA,NA,NA,NA,NA,NA,0.018,NA,NA,NA,NA,NA,0.018,NA,NA,NA,NA,NA,NA,0,NA,NA,NA,NA,NA,0,NA,NA,NA,NA,NA,NA,109,NA,NA,NA,NA,NA,109,NA,NA,NA,NA,NA,NA,2,NA,NA,NA,NA,NA,2,NA,NA,NA,NA,NA,Blood_smear + ICT,2,location + year + MDA round + Pre/Post Intervention,ICT prevalence cannot possibly be actually zero
NGA0025LF,2901,LF3445NG,Africa,Western Africa,AFRO/EMRO,NG,Nigeria,182,Plateau,65707,Kanke,0,Location,Seri,1,9.24,9.42,Postintervention,Country,No,2000-2010,2006,2006,6,SS/Spot,Wuchereria bancrofti,Both,Adults/Children,2,99,"Richards FO, Eigege A, Miri ES, Kal A, Umaru J, Pam D, Rakers LJ, Sambo Y, Danboyi J, Ibrahim B, Adelamo SE, Ogah G, Goshit D, Oyenekan OK, Mathieu E, Withers PC, Saka YA, Jiya J and Hopkins DR",Published paper,2011,Yes,Epidemiological and entomological evaluations after six years or more of mass drug administration for lymphatic filariasis elimination in Nigeria,NA,60,NA,NA,NA,NA,NA,100,NA,NA,NA,NA,NA,NA,0.013,NA,NA,NA,NA,NA,0,NA,NA,NA,NA,NA,NA,0,NA,NA,NA,NA,NA,0,NA,NA,NA,NA,NA,NA,157,NA,NA,NA,NA,NA,0,NA,NA,NA,NA,NA,NA,2,NA,NA,NA,NA,NA,0,NA,NA,NA,NA,NA,Blood_smear + ICT,2,location + year + MDA round + Pre/Post Intervention,ICT prevalence cannot possibly be actually zero
TGO0003LF,3363,LF4067TG,Africa,Western Africa,AFRO/EMRO,TG,Togo,243,Plateaux,2973,AMOU,27399,Location,Otowou,2,7.483333,1.033333,Preintervention,No,No,2000-2010,2001,2001,0,SS/Spot,Wuchereria bancrofti,Both,Adults/Children,0,0,Togo Ministry of Health,Report,2001,No,Programme to Eliminate Lymphatic Filariasis. Country Report WHO; TGO0003_LF2001,NA,20,NA,NA,NA,NA,0,100,NA,NA,0,NA,NA,NA,0.106,NA,NA,NA,NA,0.002,0.049,NA,NA,0,NA,NA,NA,0,NA,NA,NA,NA,0,0,NA,NA,0,NA,NA,NA,500,NA,NA,NA,NA,500,82,NA,NA,500,NA,NA,NA,53,NA,NA,NA,NA,1,4,NA,NA,0,NA,NA,Blood_smear + ICT + Hydrocele + Lymphedema,4,location,
TGO0003LF,3369,LF4073TG,Africa,Western Africa,AFRO/EMRO,TG,Togo,243,Kara,2971,Doufelgou,27391,Location,Koulint??,3,10.983333,0.216667,Preintervention,No,No,2000-2010,2001,2001,0,SS/Spot,Wuchereria bancrofti,Both,Adults/Children,0,0,Togo Ministry of Health,Report,2001,No,Programme to Eliminate Lymphatic Filariasis. Country Report WHO; TGO0003_LF2001,NA,20,NA,NA,NA,NA,0,100,NA,NA,0,NA,NA,NA,0.222,NA,NA,NA,NA,0,0.03,NA,NA,0,NA,NA,NA,0,NA,NA,NA,NA,0,0,NA,NA,0,NA,NA,NA,500,NA,NA,NA,NA,500,100,NA,NA,500,NA,NA,NA,111,NA,NA,NA,NA,0,3,NA,NA,0,NA,NA,Blood_smear + ICT + Hydrocele + Lymphedema,4,location,
TGO0003LF,3377,LF4081TG,Africa,Western Africa,AFRO/EMRO,TG,Togo,243,Kara,2971,KOZAH,27393,Location,Soumbou,2,10.616667,0.733333,Preintervention,No,No,2000-2010,2001,2001,0,SS/Spot,Wuchereria bancrofti,Both,Adults/Children,0,0,Togo Ministry of Health,Report,2001,No,Programme to Eliminate Lymphatic Filariasis. Country Report WHO; TGO0003_LF2001,NA,20,NA,NA,NA,NA,0,100,NA,NA,0,NA,NA,NA,0.012,NA,NA,NA,NA,0,0.01,NA,NA,0,NA,NA,NA,0,NA,NA,NA,NA,0,0,NA,NA,0,NA,NA,NA,500,NA,NA,NA,NA,500,100,NA,NA,500,NA,NA,NA,6,NA,NA,NA,NA,0,1,NA,NA,0,NA,NA,Blood_smear + ICT + Hydrocele + Lymphedema,4,location,
UGA0006LF,3443,LF4154UG,Africa,Eastern Africa,AFRO/EMRO,UG,Uganda,253,TESO,0,Katakwi,0,Location,Obalanga,2,2.172778,33.582778,Postintervention,Country,No,2010-on,2010,2010,5,SS/Spot,Wuchereria bancrofti,Both,Adults/Children,0,0,Uganda Ministry of Health,Report,2010,No,Programme to Eliminate Lymphatic Filariasis. Country Report WHO; UGA0014_LF2010,NA,20,NA,NA,NA,NA,0,100,NA,NA,0,NA,NA,NA,0.004,NA,NA,NA,NA,0.063,0,NA,NA,0.003,NA,NA,NA,183.7,NA,NA,NA,NA,0,0,NA,NA,0,NA,NA,NA,519,NA,NA,NA,NA,270,132,NA,NA,667,NA,NA,NA,2,NA,NA,NA,NA,17,0,NA,NA,2,NA,NA,Blood_smear + ICT + Hydrocele + Lymphedema,4,location + year + MDA round + Pre/Post Intervention,
UGA0006LF,3456,LF4168UG,Africa,Eastern Africa,AFRO/EMRO,UG,Uganda,253,LANGO,0,Lira,0,Location,Alebtong,1,2.244722,33.254722,Postintervention,Country,No,2010-on,2010,2010,5,SS/Spot,Wuchereria bancrofti,Both,Adults/Children,0,0,Uganda Ministry of Health,Report,2010,No,Programme to Eliminate Lymphatic Filariasis. Country Report WHO; UGA0014_LF2010,NA,20,NA,NA,NA,NA,0,100,NA,NA,0,NA,NA,NA,0.006,NA,NA,NA,NA,0.047,0,NA,NA,0.061,NA,NA,NA,295,NA,NA,NA,NA,0,0,NA,NA,0,NA,NA,NA,504,NA,NA,NA,NA,277,145,NA,NA,639,NA,NA,NA,3,NA,NA,NA,NA,13,0,NA,NA,39,NA,NA,Blood_smear + ICT + Hydrocele + Lymphedema,4,location + year + MDA round + Pre/Post Intervention,
UGA0007LF,3519,LF4233UG,Africa,Eastern Africa,AFRO/EMRO,UG,Uganda,253,LANGO,0,Dokolo,0,Location,Adyangoto B,1,1.778977,33.046462,Postintervention,Country,No,2010-on,2010,2010,6,Mapping survey,Wuchereria bancrofti,Both,Adults/Children,0,99,"Ashton RA, Kyabayinze DJ, Opio T, Auma A, Edwards T, Matwale G, Onapa A, Brooker S and Kolaczinski JH",Published paper,2011,Yes,The impact of mass drug administration and long-lasting insecticidal net distribution on Wuchereria bancrofti infection in humans and mosquitoes: an observational study in northern Uganda,NA,20,NA,NA,NA,NA,NA,100,NA,NA,NA,NA,NA,NA,0.167,NA,NA,NA,NA,NA,0.069,NA,NA,NA,NA,NA,NA,58,NA,NA,NA,NA,NA,0,NA,NA,NA,NA,NA,NA,12,NA,NA,NA,NA,NA,174,NA,NA,NA,NA,NA,NA,2,NA,NA,NA,NA,NA,12,NA,NA,NA,NA,NA,Blood_smear + ICT,2,age + location + year + MDA round,Village level data not available for crossreference online
UGA0007LF,3522,LF4236UG,Africa,Eastern Africa,AFRO/EMRO,UG,Uganda,253,LANGO,0,Dokolo,0,Location,Aridi,1,1.755632,33.005827,Postintervention,Country,No,2010-on,2010,2010,6,Mapping survey,Wuchereria bancrofti,Both,Adults/Children,0,99,"Ashton RA, Kyabayinze DJ, Opio T, Auma A, Edwards T, Matwale G, Onapa A, Brooker S and Kolaczinski JH",Published paper,2011,Yes,The impact of mass drug administration and long-lasting insecticidal net distribution on Wuchereria bancrofti infection in humans and mosquitoes: an observational study in northern Uganda,NA,20,NA,NA,NA,NA,NA,100,NA,NA,NA,NA,NA,NA,0.2,NA,NA,NA,NA,NA,0.034,NA,NA,NA,NA,NA,NA,260,NA,NA,NA,NA,NA,0,NA,NA,NA,NA,NA,NA,5,NA,NA,NA,NA,NA,178,NA,NA,NA,NA,NA,NA,1,NA,NA,NA,NA,NA,6,NA,NA,NA,NA,NA,Blood_smear + ICT,2,age + location + year + MDA round,Village level data not available for crossreference online
UGA0007LF,3525,LF4239UG,Africa,Eastern Africa,AFRO/EMRO,UG,Uganda,253,LANGO,0,Dokolo,0,Location,Adyangoto A,1,1.749516,33.014415,Postintervention,Country,No,2010-on,2010,2010,6,Mapping survey,Wuchereria bancrofti,Both,Adults/Children,0,99,"Ashton RA, Kyabayinze DJ, Opio T, Auma A, Edwards T, Matwale G, Onapa A, Brooker S and Kolaczinski JH",Published paper,2011,Yes,The impact of mass drug administration and long-lasting insecticidal net distribution on Wuchereria bancrofti infection in humans and mosquitoes: an observational study in northern Uganda,NA,20,NA,NA,NA,NA,NA,100,NA,NA,NA,NA,NA,NA,0.3,NA,NA,NA,NA,NA,0.048,NA,NA,NA,NA,NA,NA,66,NA,NA,NA,NA,NA,0,NA,NA,NA,NA,NA,NA,10,NA,NA,NA,NA,NA,249,NA,NA,NA,NA,NA,NA,3,NA,NA,NA,NA,NA,12,NA,NA,NA,NA,NA,Blood_smear + ICT,2,age + location + year + MDA round,Village level data not available for crossreference online
