Library_ID,pop_id,Record_ID,CONTINENT,REGION,WHO_region,ISO_CTRY,ADM0,ADM0_ID,ADM1,ADM1_ID,ADM2,ADM2_ID,TypeSite,Site_name,Precision,Latitude,Longitude,PoT,Coverage,Trial,TimePeriod,Year_start,Year_end,N_rounds,Method_0,LF_species,Sex,Age_Range,Age_start,Age_end,Author,Source,Year,Approval,Reference,Blood_volu_Any_clinic,Blood_volu_Blood_smear,Blood_volu_Brugia_Rapid,Blood_volu_Chamber,Blood_volu_ELISA,Blood_volu_Filtration,Blood_volu_Hydrocele,Blood_volu_ICT,Blood_volu_IFI,Blood_volu_Knott,Blood_volu_Lymphedema,Blood_volu_New_rapid_test,Blood_volu_PCR,prev_Any_clinic,prev_Blood_smear,prev_Brugia_Rapid,prev_Chamber,prev_ELISA,prev_Filtration,prev_Hydrocele,prev_ICT,prev_IFI,prev_Knott,prev_Lymphedema,prev_New_rapid_test,prev_PCR,density_Any_clinic,density_Blood_smear,density_Brugia_Rapid,density_Chamber,density_ELISA,density_Filtration,density_Hydrocele,density_ICT,density_IFI,density_Knott,density_Lymphedema,density_New_rapid_test,density_PCR,pop_Any_clinic,pop_Blood_smear,pop_Brugia_Rapid,pop_Chamber,pop_ELISA,pop_Filtration,pop_Hydrocele,pop_ICT,pop_IFI,pop_Knott,pop_Lymphedema,pop_New_rapid_test,pop_PCR,np_Any_clinic,np_Blood_smear,np_Brugia_Rapid,np_Chamber,np_ELISA,np_Filtration,np_Hydrocele,np_ICT,np_IFI,np_Knott,np_Lymphedema,np_New_rapid_test,np_PCR,diagnostics,num_diagnostics,specificity,Comments
BFA0008LF,227,LF271BF,Africa,Western Africa,AFRO/EMRO,BF,Burkina Faso,42,Sud - Ouest,40288,Gaoua,13534,Location,Perigban,1,10.233333,-3.35,Preintervention,No,No,2000-2010,2001,2001,0,SS/Spot,Wuchereria bancrofti,Both,Adults/Children,0,99,Burkina Faso Ministry of Health,Report,2010,No,Programme to Eliminate Lymphatic Filariasis. Country Report WHO; BFA0020_LF2010,NA,60,NA,NA,NA,NA,0,100,NA,NA,0,NA,NA,NA,0.083,NA,NA,NA,NA,0.055,0.207,NA,NA,0.012,NA,NA,NA,472,NA,NA,NA,NA,0,0,NA,NA,0,NA,NA,NA,604,NA,NA,NA,NA,289,116,NA,NA,604,NA,NA,NA,50,NA,NA,NA,NA,16,24,NA,NA,7,NA,NA,Blood_smear + ICT + Hydrocele + Lymphedema,4,age + location + year + MDA round + Pre/Post Intervention,
BFA0008LF,232,LF276BF,Africa,Western Africa,AFRO/EMRO,BF,Burkina Faso,42,Sud - Ouest,40288,Gaoua,13534,Location,P??rigban,1,10.233333,-3.35,Postintervention,Country,No,2000-2010,2006,2006,5,SS/Spot,Wuchereria bancrofti,Both,Adults/Children,0,99,Burkina Faso Ministry of Health,Report,2010,No,Programme to Eliminate Lymphatic Filariasis. Country Report WHO; BFA0020_LF2010,NA,60,NA,NA,NA,NA,0,100,NA,NA,0,NA,NA,NA,0.087,NA,NA,NA,NA,0,0.353,NA,NA,0.013,NA,NA,NA,248,NA,NA,NA,NA,0,0,NA,NA,0,NA,NA,NA,230,NA,NA,NA,NA,130,479,NA,NA,230,NA,NA,NA,20,NA,NA,NA,NA,0,169,NA,NA,3,NA,NA,Blood_smear + ICT + Hydrocele + Lymphedema,4,age + location + year + MDA round + Pre/Post Intervention,
BFA0008LF,317,LF362BF,Africa,Western Africa,AFRO/EMRO,BF,Burkina Faso,42,Centre-Sud,40282,Sapone,3789,Location,Nacombgo,1,11.95,-1.55,Preintervention,No,No,2000-2010,2002,2002,0,SS/Spot,Wuchereria bancrofti,Both,Adults/Children,0,99,Burkina Faso Ministry of Health,Report,2010,No,Programme to Eliminate Lymphatic Filariasis. Country Report WHO; BFA0020_LF2010,NA,60,NA,NA,NA,NA,0,100,NA,NA,0,NA,NA,NA,0.105,NA,NA,NA,NA,0,0.03,NA,NA,0.003,NA,NA,NA,2322,NA,NA,NA,NA,0,0,NA,NA,0,NA,NA,NA,572,NA,NA,NA,NA,225,101,NA,NA,572,NA,NA,NA,60,NA,NA,NA,NA,0,3,NA,NA,2,NA,NA,Blood_smear + ICT + Hydrocele + Lymphedema,4,age + location + year + MDA round + Pre/Post Intervention,
BFA0008LF,390,LF437BF,Africa,Western Africa,AFRO/EMRO,BF,Burkina Faso,42,Sud - Ouest,40288,Dano,13529,Location,Gora,1,10.916667,-2.966666,Preintervention,No,No,2000-2010,2001,2001,0,SS/Spot,Wuchereria bancrofti,Both,Adults/Children,0,99,Burkina Faso Ministry of Health,Report,2010,No,Programme to Eliminate Lymphatic Filariasis. Country Report WHO; BFA0020_LF2010,NA,60,NA,NA,NA,NA,0,100,NA,NA,0,NA,NA,NA,0.136,NA,NA,NA,NA,0.02,0.192,NA,NA,0.005,NA,NA,NA,690,NA,NA,NA,NA,0,0,NA,NA,0,NA,NA,NA,627,NA,NA,NA,NA,304,287,NA,NA,627,NA,NA,NA,85,NA,NA,NA,NA,6,55,NA,NA,3,NA,NA,Blood_smear + ICT + Hydrocele + Lymphedema,4,age + location + year + MDA round + Pre/Post Intervention,
BRA0003LF,3717,LF4468BR,Americas,South America,AMRO,BR,Brazil,37,Pernambuco,681,Recife,9621,Location,Olinda (Sapucaia neighborhood),1,-7.99121,-34.85503,Preintervention,No,No,2010-on,2009,2010,0,Mapping survey,Wuchereria bancrofti,Both,Children,5,18,"Aguiar-Santos AM, Medeiros Z, Bonfim C, Rocha AC, Brandao E, Miranda T, Oliveira P and Sarinho ES",Published paper,2013,Yes,Epidemiological assessment of neglected diseases in children: lymphatic filariasis and soil-transmitted helminthiasis,NA,0,NA,NA,NA,NA,NA,0,NA,NA,NA,NA,NA,NA,0.012,NA,NA,NA,NA,NA,0.138,NA,NA,NA,NA,NA,NA,0,NA,NA,NA,NA,NA,0,NA,NA,NA,NA,NA,NA,22,NA,NA,NA,NA,NA,159,NA,NA,NA,NA,NA,NA,2,NA,NA,NA,NA,NA,22,NA,NA,NA,NA,NA,Blood_smear + ICT,2,Total,Blood Smear sample size incorrect; should be 159
CIV0004LF,890,LF983CI,Africa,Western Africa,AFRO/EMRO,CI,Cote d'Ivoire,66,Bas Sassandra,1040,Tabou,0,Location,B??ou??,1,4.55,-7.366667,Postintervention,Country,No,2000-2010,2009,2009,1,SS/Spot,Wuchereria bancrofti,Both,Adults/Children,0,99,Cote d'Ivoire Ministry of Health,Report,2009,No,Programme to Eliminate Lymphatic Filariasis. Country Report WHO; CIV0003_LF2009,NA,60,NA,NA,NA,NA,0,100,NA,NA,0,NA,NA,NA,0.012,NA,NA,NA,NA,0.004,0.173,NA,NA,0.004,NA,NA,NA,0,NA,NA,NA,NA,0,0,NA,NA,0,NA,NA,NA,243,NA,NA,NA,NA,243,75,NA,NA,243,NA,NA,NA,3,NA,NA,NA,NA,1,13,NA,NA,1,NA,NA,Blood_smear + ICT + Hydrocele + Lymphedema,4,age + location + year + MDA round + Pre/Post Intervention,
CIV0004LF,917,LF1012CI,Africa,Western Africa,AFRO/EMRO,CI,Cote d'Ivoire,66,Bas Sassandra,1040,Sassandra,0,Location,Kokolopozo,1,5.1333,-6.0833,Postintervention,Country,No,2000-2010,2009,2009,1,SS/Spot,Wuchereria bancrofti,Both,Adults/Children,0,99,Cote d'Ivoire Ministry of Health,Report,2009,No,Programme to Eliminate Lymphatic Filariasis. Country Report WHO; CIV0003_LF2009,NA,60,NA,NA,NA,NA,0,100,NA,NA,0,NA,NA,NA,0.019,NA,NA,NA,NA,0,0.012,NA,NA,0.013,NA,NA,NA,0,NA,NA,NA,NA,0,0,NA,NA,0,NA,NA,NA,309,NA,NA,NA,NA,0,78,NA,NA,159,NA,NA,NA,6,NA,NA,NA,NA,0,1,NA,NA,2,NA,NA,Blood_smear + ICT + Hydrocele + Lymphedema,4,age + location + year + MDA round + Pre/Post Intervention,
CIV0004LF,928,LF1023CI,Africa,Western Africa,AFRO/EMRO,CI,Cote d'Ivoire,66,Bas Sassandra,1040,Soubr??,0,Location,Mahi??oua,1,6.202028,-6.454729,Postintervention,Country,No,2000-2010,2009,2009,1,SS/Spot,Wuchereria bancrofti,Both,Adults/Children,0,99,Cote d'Ivoire Ministry of Health,Report,2009,No,Programme to Eliminate Lymphatic Filariasis. Country Report WHO; CIV0003_LF2009,NA,60,NA,NA,NA,NA,0,100,NA,NA,0,NA,NA,NA,0.025,NA,NA,NA,NA,0.011,0.169,NA,NA,0.022,NA,NA,NA,0,NA,NA,NA,NA,0,0,NA,NA,0,NA,NA,NA,242,NA,NA,NA,NA,92,77,NA,NA,92,NA,NA,NA,6,NA,NA,NA,NA,1,13,NA,NA,2,NA,NA,Blood_smear + ICT + Hydrocele + Lymphedema,4,age + location + year + MDA round + Pre/Post Intervention,
IND0018LF,4293,LF5158IN,Asia,Southern Asia,SEARO,IN,India,115,Tamil Nadu,1508,Villupuram,70255,Location,Alagramam,1,12.16596,79.569766,Preintervention,No,No,1990-2000,1994,1994,0,Mapping survey,,Both,Adults/Children,0,0,"Ramaiah KD, Vanamail P and Das PK",Published paper,2007,Yes,Changes in Wuchereria bancrofti infection in a highly endemic community following 10 rounds of mass administration of diethylcarbamazine,NA,0,NA,NA,NA,NA,NA,0,NA,NA,NA,NA,NA,NA,0.172,NA,NA,NA,NA,NA,0.175,NA,NA,NA,NA,NA,NA,0,NA,NA,NA,NA,NA,0,NA,NA,NA,NA,NA,NA,238,NA,NA,NA,NA,NA,57,NA,NA,NA,NA,NA,NA,41,NA,NA,NA,NA,NA,10,NA,NA,NA,NA,NA,Blood_smear + ICT,2,year + MDA round + Pre/Post Intervention,ICT and MF measurements are not the same pop. Year and mda data for ICT measurement filled out wrong
LKA0017LF,8773,LF10472LK,Asia,Southern Asia,SEARO,LK,Sri Lanka,231,Western,2744,Colombo,25851,Location,Katukurunda,1,6.5573,79.9715,Postintervention,Country,No,2010-on,2012,2013,5,Surveillance,Wuchereria bancrofti,Both,Adults,0,0,"Rao RU, Nagodavithana KC, Samarasekera SD, Wijegunawardana AD, Premakumara WD, Perera SN, Settinayake S, Miller JP and Weil GJ ",Published paper,2014,Yes,A comprehensive assessment of lymphatic filariasis inSri Lanka six years after cessation of mass drug administration,NA,60,NA,NA,NA,NA,NA,100,NA,NA,NA,NA,NA,NA,0,NA,NA,NA,NA,NA,0,NA,NA,NA,NA,NA,NA,0,NA,NA,NA,NA,NA,0,NA,NA,NA,NA,NA,NA,0,NA,NA,NA,NA,NA,0,NA,NA,NA,NA,NA,NA,0,NA,NA,NA,NA,NA,0,NA,NA,NA,NA,NA,Blood_smear + ICT,2,age + location,MF measurements only done for people who tested positive by ICT
LKA0017LF,8774,LF10473LK,Asia,Southern Asia,SEARO,LK,Sri Lanka,231,Western,2744,Colombo,25851,Location,Sedawatta,1,6.953,79.8719,Postintervention,Country,No,2010-on,2012,2013,5,Surveillance,Wuchereria bancrofti,Both,Adults,0,0,"Rao RU, Nagodavithana KC, Samarasekera SD, Wijegunawardana AD, Premakumara WD, Perera SN, Settinayake S, Miller JP and Weil GJ ",Published paper,2014,Yes,A comprehensive assessment of lymphatic filariasis inSri Lanka six years after cessation of mass drug administration,NA,60,NA,NA,NA,NA,NA,100,NA,NA,NA,NA,NA,NA,0.002,NA,NA,NA,NA,NA,0.004,NA,NA,NA,NA,NA,NA,0,NA,NA,NA,NA,NA,0,NA,NA,NA,NA,NA,NA,0,NA,NA,NA,NA,NA,0,NA,NA,NA,NA,NA,NA,0,NA,NA,NA,NA,NA,0,NA,NA,NA,NA,NA,Blood_smear + ICT,2,age + location,MF measurements only done for people who tested positive by ICT
LKA0017LF,8775,LF10474LK,Asia,Southern Asia,SEARO,LK,Sri Lanka,231,Western,2744,Colombo,25851,Location,Mattakkuliya,1,6.9747,79.8738,Postintervention,Country,No,2010-on,2012,2013,5,Surveillance,Wuchereria bancrofti,Both,Adults,0,0,"Rao RU, Nagodavithana KC, Samarasekera SD, Wijegunawardana AD, Premakumara WD, Perera SN, Settinayake S, Miller JP and Weil GJ ",Published paper,2014,Yes,A comprehensive assessment of lymphatic filariasis inSri Lanka six years after cessation of mass drug administration,NA,60,NA,NA,NA,NA,NA,100,NA,NA,NA,NA,NA,NA,0.002,NA,NA,NA,NA,NA,0.008,NA,NA,NA,NA,NA,NA,0,NA,NA,NA,NA,NA,0,NA,NA,NA,NA,NA,NA,0,NA,NA,NA,NA,NA,0,NA,NA,NA,NA,NA,NA,0,NA,NA,NA,NA,NA,0,NA,NA,NA,NA,NA,Blood_smear + ICT,2,age + location,MF measurements only done for people who tested positive by ICT
LKA0017LF,8776,LF10475LK,Asia,Southern Asia,SEARO,LK,Sri Lanka,231,Western,2744,Colombo,25851,Location,Borella,1,6.9177,79.8742,Postintervention,Country,No,2010-on,2012,2013,5,Surveillance,Wuchereria bancrofti,Both,Adults,0,0,"Rao RU, Nagodavithana KC, Samarasekera SD, Wijegunawardana AD, Premakumara WD, Perera SN, Settinayake S, Miller JP and Weil GJ ",Published paper,2014,Yes,A comprehensive assessment of lymphatic filariasis inSri Lanka six years after cessation of mass drug administration,NA,60,NA,NA,NA,NA,NA,100,NA,NA,NA,NA,NA,NA,0.002,NA,NA,NA,NA,NA,0.008,NA,NA,NA,NA,NA,NA,0,NA,NA,NA,NA,NA,0,NA,NA,NA,NA,NA,NA,0,NA,NA,NA,NA,NA,0,NA,NA,NA,NA,NA,NA,0,NA,NA,NA,NA,NA,0,NA,NA,NA,NA,NA,Blood_smear + ICT,2,age + location,MF measurements only done for people who tested positive by ICT
LKA0017LF,8777,LF10476LK,Asia,Southern Asia,SEARO,LK,Sri Lanka,231,Western,2744,Gampaha,25852,Location,Kelaniya,1,6.9553,79.922,Postintervention,Country,No,2010-on,2012,2013,5,Surveillance,Wuchereria bancrofti,Both,Adults,0,0,"Rao RU, Nagodavithana KC, Samarasekera SD, Wijegunawardana AD, Premakumara WD, Perera SN, Settinayake S, Miller JP and Weil GJ ",Published paper,2014,Yes,A comprehensive assessment of lymphatic filariasis inSri Lanka six years after cessation of mass drug administration,NA,60,NA,NA,NA,NA,NA,100,NA,NA,NA,NA,NA,NA,0,NA,NA,NA,NA,NA,0.004,NA,NA,NA,NA,NA,NA,0,NA,NA,NA,NA,NA,0,NA,NA,NA,NA,NA,NA,0,NA,NA,NA,NA,NA,0,NA,NA,NA,NA,NA,NA,0,NA,NA,NA,NA,NA,0,NA,NA,NA,NA,NA,Blood_smear + ICT,2,age + location,MF measurements only done for people who tested positive by ICT
LKA0017LF,8778,LF10477LK,Asia,Southern Asia,SEARO,LK,Sri Lanka,231,Western,2744,Gampaha,25852,Location,Wattala,1,6.9779,79.8898,Postintervention,Country,No,2010-on,2012,2013,5,Surveillance,Wuchereria bancrofti,Both,Adults,0,0,"Rao RU, Nagodavithana KC, Samarasekera SD, Wijegunawardana AD, Premakumara WD, Perera SN, Settinayake S, Miller JP and Weil GJ ",Published paper,2014,Yes,A comprehensive assessment of lymphatic filariasis inSri Lanka six years after cessation of mass drug administration,NA,60,NA,NA,NA,NA,NA,100,NA,NA,NA,NA,NA,NA,0,NA,NA,NA,NA,NA,0,NA,NA,NA,NA,NA,NA,0,NA,NA,NA,NA,NA,0,NA,NA,NA,NA,NA,NA,0,NA,NA,NA,NA,NA,0,NA,NA,NA,NA,NA,NA,0,NA,NA,NA,NA,NA,0,NA,NA,NA,NA,NA,Blood_smear + ICT,2,age + location,MF measurements only done for people who tested positive by ICT
LKA0017LF,8779,LF10478LK,Asia,Southern Asia,SEARO,LK,Sri Lanka,231,Western,2744,Gampaha,25852,Location,PeliyagodaW,1,6.9685,79.8836,Postintervention,Country,No,2010-on,2012,2013,5,Surveillance,Wuchereria bancrofti,Both,Adults,0,0,"Rao RU, Nagodavithana KC, Samarasekera SD, Wijegunawardana AD, Premakumara WD, Perera SN, Settinayake S, Miller JP and Weil GJ ",Published paper,2014,Yes,A comprehensive assessment of lymphatic filariasis inSri Lanka six years after cessation of mass drug administration,NA,60,NA,NA,NA,NA,NA,100,NA,NA,NA,NA,NA,NA,0.004,NA,NA,NA,NA,NA,0.012,NA,NA,NA,NA,NA,NA,0,NA,NA,NA,NA,NA,0,NA,NA,NA,NA,NA,NA,0,NA,NA,NA,NA,NA,0,NA,NA,NA,NA,NA,NA,0,NA,NA,NA,NA,NA,0,NA,NA,NA,NA,NA,Blood_smear + ICT,2,age + location,MF measurements only done for people who tested positive by ICT
LKA0017LF,8780,LF10479LK,Asia,Southern Asia,SEARO,LK,Sri Lanka,231,Western,2744,Kalutara,25853,Location,Panadura,1,6.7132,79.9026,Postintervention,Country,No,2010-on,2012,2013,5,Surveillance,Wuchereria bancrofti,Both,Adults,0,0,"Rao RU, Nagodavithana KC, Samarasekera SD, Wijegunawardana AD, Premakumara WD, Perera SN, Settinayake S, Miller JP and Weil GJ ",Published paper,2014,Yes,A comprehensive assessment of lymphatic filariasis inSri Lanka six years after cessation of mass drug administration,NA,60,NA,NA,NA,NA,NA,100,NA,NA,NA,NA,NA,NA,0,NA,NA,NA,NA,NA,0.01,NA,NA,NA,NA,NA,NA,0,NA,NA,NA,NA,NA,0,NA,NA,NA,NA,NA,NA,0,NA,NA,NA,NA,NA,0,NA,NA,NA,NA,NA,NA,0,NA,NA,NA,NA,NA,0,NA,NA,NA,NA,NA,Blood_smear + ICT,2,age + location,MF measurements only done for people who tested positive by ICT
LKA0017LF,8781,LF10480LK,Asia,Southern Asia,SEARO,LK,Sri Lanka,231,Western,2744,Kalutara,25853,Location,Kalutara N,1,6.5831,79.9593,Postintervention,Country,No,2010-on,2012,2013,5,Surveillance,Wuchereria bancrofti,Both,Adults,0,0,"Rao RU, Nagodavithana KC, Samarasekera SD, Wijegunawardana AD, Premakumara WD, Perera SN, Settinayake S, Miller JP and Weil GJ ",Published paper,2014,Yes,A comprehensive assessment of lymphatic filariasis inSri Lanka six years after cessation of mass drug administration,NA,60,NA,NA,NA,NA,NA,100,NA,NA,NA,NA,NA,NA,0.004,NA,NA,NA,NA,NA,0.02,NA,NA,NA,NA,NA,NA,0,NA,NA,NA,NA,NA,0,NA,NA,NA,NA,NA,NA,0,NA,NA,NA,NA,NA,0,NA,NA,NA,NA,NA,NA,0,NA,NA,NA,NA,NA,0,NA,NA,NA,NA,NA,Blood_smear + ICT,2,age + location,MF measurements only done for people who tested positive by ICT
LKA0017LF,8782,LF10481LK,Asia,Southern Asia,SEARO,LK,Sri Lanka,231,Southern,2742,Galle,25846,Location,Ambalangoda,1,6.7796,79.966,Postintervention,Country,No,2010-on,2012,2013,5,Surveillance,Wuchereria bancrofti,Both,Adults,0,0,"Rao RU, Nagodavithana KC, Samarasekera SD, Wijegunawardana AD, Premakumara WD, Perera SN, Settinayake S, Miller JP and Weil GJ ",Published paper,2014,Yes,A comprehensive assessment of lymphatic filariasis inSri Lanka six years after cessation of mass drug administration,NA,60,NA,NA,NA,NA,NA,100,NA,NA,NA,NA,NA,NA,0,NA,NA,NA,NA,NA,0.004,NA,NA,NA,NA,NA,NA,0,NA,NA,NA,NA,NA,0,NA,NA,NA,NA,NA,NA,0,NA,NA,NA,NA,NA,0,NA,NA,NA,NA,NA,NA,0,NA,NA,NA,NA,NA,0,NA,NA,NA,NA,NA,Blood_smear + ICT,2,age + location,MF measurements only done for people who tested positive by ICT
LKA0017LF,8783,LF10482LK,Asia,Southern Asia,SEARO,LK,Sri Lanka,231,Southern,2742,Galle,25846,Location,Unawatuna,1,6.0212,80.2503,Postintervention,Country,No,2010-on,2012,2013,5,Surveillance,Wuchereria bancrofti,Both,Adults,0,0,"Rao RU, Nagodavithana KC, Samarasekera SD, Wijegunawardana AD, Premakumara WD, Perera SN, Settinayake S, Miller JP and Weil GJ ",Published paper,2014,Yes,A comprehensive assessment of lymphatic filariasis inSri Lanka six years after cessation of mass drug administration,NA,60,NA,NA,NA,NA,NA,100,NA,NA,NA,NA,NA,NA,0.009,NA,NA,NA,NA,NA,0.034,NA,NA,NA,NA,NA,NA,0,NA,NA,NA,NA,NA,0,NA,NA,NA,NA,NA,NA,0,NA,NA,NA,NA,NA,0,NA,NA,NA,NA,NA,NA,0,NA,NA,NA,NA,NA,0,NA,NA,NA,NA,NA,Blood_smear + ICT,2,age + location,MF measurements only done for people who tested positive by ICT
LKA0017LF,8784,LF10483LK,Asia,Southern Asia,SEARO,LK,Sri Lanka,231,Southern,2742,Matara,25848,Location,Devinuwara,1,5.93194,80.60694,Postintervention,Country,No,2010-on,2012,2013,5,Surveillance,Wuchereria bancrofti,Both,Adults,0,0,"Rao RU, Nagodavithana KC, Samarasekera SD, Wijegunawardana AD, Premakumara WD, Perera SN, Settinayake S, Miller JP and Weil GJ ",Published paper,2014,Yes,A comprehensive assessment of lymphatic filariasis inSri Lanka six years after cessation of mass drug administration,NA,60,NA,NA,NA,NA,NA,100,NA,NA,NA,NA,NA,NA,0,NA,NA,NA,NA,NA,0.004,NA,NA,NA,NA,NA,NA,0,NA,NA,NA,NA,NA,0,NA,NA,NA,NA,NA,NA,0,NA,NA,NA,NA,NA,0,NA,NA,NA,NA,NA,NA,0,NA,NA,NA,NA,NA,0,NA,NA,NA,NA,NA,Blood_smear + ICT,2,age + location,MF measurements only done for people who tested positive by ICT
LKA0017LF,8785,LF10484LK,Asia,Southern Asia,SEARO,LK,Sri Lanka,231,Southern,2742,Matara,25848,Location,Weligama,1,5.97501,80.42968,Postintervention,Country,No,2010-on,2012,2013,5,Surveillance,Wuchereria bancrofti,Both,Adults,0,0,"Rao RU, Nagodavithana KC, Samarasekera SD, Wijegunawardana AD, Premakumara WD, Perera SN, Settinayake S, Miller JP and Weil GJ ",Published paper,2014,Yes,A comprehensive assessment of lymphatic filariasis inSri Lanka six years after cessation of mass drug administration,NA,60,NA,NA,NA,NA,NA,100,NA,NA,NA,NA,NA,NA,0.006,NA,NA,NA,NA,NA,0.001,NA,NA,NA,NA,NA,NA,0,NA,NA,NA,NA,NA,0,NA,NA,NA,NA,NA,NA,0,NA,NA,NA,NA,NA,0,NA,NA,NA,NA,NA,NA,0,NA,NA,NA,NA,NA,0,NA,NA,NA,NA,NA,Blood_smear + ICT,2,age + location,MF measurements only done for people who tested positive by ICT
LKA0017LF,8786,LF10485LK,Asia,Southern Asia,SEARO,LK,Sri Lanka,231,North Western,2739,Puttalam,25838,Location,Chila town,2,7.57583,79.79528,Postintervention,Country,No,2010-on,2012,2013,5,Surveillance,Wuchereria bancrofti,Both,Adults,0,0,"Rao RU, Nagodavithana KC, Samarasekera SD, Wijegunawardana AD, Premakumara WD, Perera SN, Settinayake S, Miller JP and Weil GJ ",Published paper,2014,Yes,A comprehensive assessment of lymphatic filariasis inSri Lanka six years after cessation of mass drug administration,NA,60,NA,NA,NA,NA,NA,100,NA,NA,NA,NA,NA,NA,0.002,NA,NA,NA,NA,NA,0,NA,NA,NA,NA,NA,NA,0,NA,NA,NA,NA,NA,0,NA,NA,NA,NA,NA,NA,0,NA,NA,NA,NA,NA,0,NA,NA,NA,NA,NA,NA,0,NA,NA,NA,NA,NA,0,NA,NA,NA,NA,NA,Blood_smear + ICT,2,age + location,MF measurements only done for people who tested positive by ICT
LKA0017LF,8787,LF10486LK,Asia,Southern Asia,SEARO,LK,Sri Lanka,231,North Western,2739,Puttalam,25838,Location,Lunuwila,1,7.3462,79.8634,Postintervention,Country,No,2010-on,2012,2013,5,Surveillance,Wuchereria bancrofti,Both,Adults,0,0,"Rao RU, Nagodavithana KC, Samarasekera SD, Wijegunawardana AD, Premakumara WD, Perera SN, Settinayake S, Miller JP and Weil GJ ",Published paper,2014,Yes,A comprehensive assessment of lymphatic filariasis inSri Lanka six years after cessation of mass drug administration,NA,60,NA,NA,NA,NA,NA,100,NA,NA,NA,NA,NA,NA,0,NA,NA,NA,NA,NA,0,NA,NA,NA,NA,NA,NA,0,NA,NA,NA,NA,NA,0,NA,NA,NA,NA,NA,NA,0,NA,NA,NA,NA,NA,0,NA,NA,NA,NA,NA,NA,0,NA,NA,NA,NA,NA,0,NA,NA,NA,NA,NA,Blood_smear + ICT,2,age + location,MF measurements only done for people who tested positive by ICT
LKA0017LF,8788,LF10487LK,Asia,Southern Asia,SEARO,LK,Sri Lanka,231,North Western,2739,Kurunegala,25837,Location,Bamunuwala,1,7.57583,79.79528,Postintervention,Country,No,2010-on,2012,2013,5,Surveillance,Wuchereria bancrofti,Both,Adults,0,0,"Rao RU, Nagodavithana KC, Samarasekera SD, Wijegunawardana AD, Premakumara WD, Perera SN, Settinayake S, Miller JP and Weil GJ ",Published paper,2014,Yes,A comprehensive assessment of lymphatic filariasis inSri Lanka six years after cessation of mass drug administration,NA,60,NA,NA,NA,NA,NA,100,NA,NA,NA,NA,NA,NA,0,NA,NA,NA,NA,NA,0,NA,NA,NA,NA,NA,NA,0,NA,NA,NA,NA,NA,0,NA,NA,NA,NA,NA,NA,0,NA,NA,NA,NA,NA,0,NA,NA,NA,NA,NA,NA,0,NA,NA,NA,NA,NA,0,NA,NA,NA,NA,NA,Blood_smear + ICT,2,age + location,MF measurements only done for people who tested positive by ICT
LKA0017LF,8789,LF10488LK,Asia,Southern Asia,SEARO,LK,Sri Lanka,231,North Western,2739,Kurunegala,25837,Location,Narammala,1,7.4337,80.1971,Postintervention,Country,No,2010-on,2012,2013,5,Surveillance,Wuchereria bancrofti,Both,Adults,0,0,"Rao RU, Nagodavithana KC, Samarasekera SD, Wijegunawardana AD, Premakumara WD, Perera SN, Settinayake S, Miller JP and Weil GJ ",Published paper,2014,Yes,A comprehensive assessment of lymphatic filariasis inSri Lanka six years after cessation of mass drug administration,NA,60,NA,NA,NA,NA,NA,100,NA,NA,NA,NA,NA,NA,0.002,NA,NA,NA,NA,NA,0.002,NA,NA,NA,NA,NA,NA,0,NA,NA,NA,NA,NA,0,NA,NA,NA,NA,NA,NA,0,NA,NA,NA,NA,NA,0,NA,NA,NA,NA,NA,NA,0,NA,NA,NA,NA,NA,0,NA,NA,NA,NA,NA,Blood_smear + ICT,2,age + location,MF measurements only done for people who tested positive by ICT
LKA0017LF,8790,LF10489LK,Asia,Southern Asia,SEARO,LK,Sri Lanka,231,Southern,2742,Hambantota,25847,Location,HT town,1,6.1241,81.1185,Postintervention,Country,No,2010-on,2012,2013,5,Surveillance,Wuchereria bancrofti,Both,Adults,0,0,"Rao RU, Nagodavithana KC, Samarasekera SD, Wijegunawardana AD, Premakumara WD, Perera SN, Settinayake S, Miller JP and Weil GJ ",Published paper,2014,Yes,A comprehensive assessment of lymphatic filariasis inSri Lanka six years after cessation of mass drug administration,NA,60,NA,NA,NA,NA,NA,100,NA,NA,NA,NA,NA,NA,0,NA,NA,NA,NA,NA,0.002,NA,NA,NA,NA,NA,NA,0,NA,NA,NA,NA,NA,0,NA,NA,NA,NA,NA,NA,0,NA,NA,NA,NA,NA,0,NA,NA,NA,NA,NA,NA,0,NA,NA,NA,NA,NA,0,NA,NA,NA,NA,NA,Blood_smear + ICT,2,age + location,MF measurements only done for people who tested positive by ICT
LKA0017LF,8791,LF10490LK,Asia,Southern Asia,SEARO,LK,Sri Lanka,231,Southern,2742,Hambantota,25847,Location,Tangalle,1,6.024,80.7911,Postintervention,Country,No,2010-on,2012,2013,5,Surveillance,Wuchereria bancrofti,Both,Adults,0,0,"Rao RU, Nagodavithana KC, Samarasekera SD, Wijegunawardana AD, Premakumara WD, Perera SN, Settinayake S, Miller JP and Weil GJ ",Published paper,2014,Yes,A comprehensive assessment of lymphatic filariasis inSri Lanka six years after cessation of mass drug administration,NA,60,NA,NA,NA,NA,NA,100,NA,NA,NA,NA,NA,NA,0,NA,NA,NA,NA,NA,0.006,NA,NA,NA,NA,NA,NA,0,NA,NA,NA,NA,NA,0,NA,NA,NA,NA,NA,NA,0,NA,NA,NA,NA,NA,0,NA,NA,NA,NA,NA,NA,0,NA,NA,NA,NA,NA,0,NA,NA,NA,NA,NA,Blood_smear + ICT,2,age + location,MF measurements only done for people who tested positive by ICT
NER0004LF,2662,LF3076NE,Africa,Western Africa,AFRO/EMRO,NE,Niger,181,Maradi,2205,Madarounfa,22565,Location,Inkour??gaou,1,13.103386,7.041147,Preintervention,No,No,2000-2010,2008,2008,0,SS/Spot,Wuchereria bancrofti,Both,Adults/Children,0,0,Niger Ministry of Health,Report,2008,No,Programme to Eliminate Lymphatic Filariasis. Country Report WHO; NER0008_LF2008,0,60,NA,NA,NA,NA,0,100,NA,NA,NA,NA,NA,0,0.014,NA,NA,NA,NA,0,0.26,NA,NA,NA,NA,NA,0,6.43,NA,NA,NA,NA,0,0,NA,NA,NA,NA,NA,0,485,NA,NA,NA,NA,0,50,NA,NA,NA,NA,NA,30,7,NA,NA,NA,NA,30,13,NA,NA,NA,NA,NA,Blood_smear + ICT + Hydrocele + Any_clinic,4,location,
NER0004LF,2663,LF3083NE,Africa,Western Africa,AFRO/EMRO,NE,Niger,181,Maradi,2205,Aguil??,22562,Location,Saja Manja,2,13.343894,7.812979,Preintervention,No,No,2000-2010,2008,2008,0,SS/Spot,Wuchereria bancrofti,Both,Adults/Children,0,0,Niger Ministry of Health,Report,2008,No,Programme to Eliminate Lymphatic Filariasis. Country Report WHO; NER0008_LF2008,NA,60,NA,NA,NA,NA,NA,100,NA,NA,NA,NA,NA,NA,0.004,NA,NA,NA,NA,NA,0.17,NA,NA,NA,NA,NA,NA,2,NA,NA,NA,NA,NA,0,NA,NA,NA,NA,NA,NA,499,NA,NA,NA,NA,NA,100,NA,NA,NA,NA,NA,NA,2,NA,NA,NA,NA,NA,17,NA,NA,NA,NA,NA,Blood_smear + ICT,2,location,
NER0005LF,2661,LF3075NE,Africa,Western Africa,AFRO/EMRO,NE,Niger,181,Tahoua,2207,Illela,22573,Location,Badaguichiri,1,14.524444,5.3675,Postintervention,Country,No,2000-2010,2009,2009,1,SS/Spot,Wuchereria bancrofti,Both,Adults/Children,0,0,Niger Ministry of Health,Report,2009,No,Programme to Eliminate Lymphatic Filariasis. Country Report WHO; NER0009_LF2009,0,60,NA,NA,NA,NA,0,100,NA,NA,NA,NA,NA,0,0.002,NA,NA,NA,NA,0,0.17,NA,NA,NA,NA,NA,0,3.4,NA,NA,NA,NA,0,0,NA,NA,NA,NA,NA,0,510,NA,NA,NA,NA,0,100,NA,NA,NA,NA,NA,67,1,NA,NA,NA,NA,67,17,NA,NA,NA,NA,NA,Blood_smear + ICT + Hydrocele + Any_clinic,4,location,
NER0005LF,2665,LF3085NE,Africa,Western Africa,AFRO/EMRO,NE,Niger,181,Tillab??ri,2208,Say,22581,Location,Tamou,1,12.75,2.1833,Postintervention,Country,No,2000-2010,2009,2009,1,SS/Spot,Wuchereria bancrofti,Both,Adults/Children,0,0,Niger Ministry of Health,Report,2009,No,Programme to Eliminate Lymphatic Filariasis. Country Report WHO; NER0009_LF2009,0,60,NA,NA,NA,NA,0,100,NA,NA,NA,NA,NA,0,0.004,NA,NA,NA,NA,0,0.52,NA,NA,NA,NA,NA,0,4.5,NA,NA,NA,NA,0,0,NA,NA,NA,NA,NA,0,565,NA,NA,NA,NA,0,50,NA,NA,NA,NA,NA,15,2,NA,NA,NA,NA,15,26,NA,NA,NA,NA,NA,Blood_smear + ICT + Hydrocele + Any_clinic,4,location,
NGA0017LF,2736,LF3176NG,Africa,Western Africa,AFRO/EMRO,NG,Nigeria,182,Ekiti,65702,Efon,0,Location,Ere-Agba,1,7.716667,4.783333,Postintervention,Country,No,2000-2010,2008,2008,2,SS/Spot,Wuchereria bancrofti,Both,Unknown,0,0,Nigeria Ministry of Health,Report,2009,No,Programme to Eliminate Lymphatic Filariasis. Country Report WHO; NGA0014_LF2009,0,60,NA,NA,NA,NA,0,100,NA,NA,0,NA,NA,0,0.012,NA,NA,NA,NA,0,0,NA,NA,0,NA,NA,0,16.7,NA,NA,NA,NA,0,0,NA,NA,0,NA,NA,0,485,NA,NA,NA,NA,0,0,NA,NA,0,NA,NA,0,6,NA,NA,NA,NA,0,0,NA,NA,0,NA,NA,Blood_smear + ICT + Hydrocele + Lymphedema + Any_clinic,5,age + location + year + MDA round,
NGA0017LF,2742,LF3190NG,Africa,Western Africa,AFRO/EMRO,NG,Nigeria,182,Ondo,65706,Ifedore,0,Location,Isarun,1,7.404312,5.067102,Postintervention,Country,No,2000-2010,2008,2008,2,SS/Spot,Wuchereria bancrofti,Both,Unknown,0,0,Nigeria Ministry of Health,Report,2009,No,Programme to Eliminate Lymphatic Filariasis. Country Report WHO; NGA0014_LF2009,0,60,NA,NA,NA,NA,0,100,NA,NA,0,NA,NA,0,0.031,NA,NA,NA,NA,0,0,NA,NA,0,NA,NA,0,18.9,NA,NA,NA,NA,0,0,NA,NA,0,NA,NA,0,489,NA,NA,NA,NA,0,0,NA,NA,0,NA,NA,0,15,NA,NA,NA,NA,0,0,NA,NA,0,NA,NA,Blood_smear + ICT + Hydrocele + Lymphedema + Any_clinic,5,age + location + year + MDA round,
NGA0017LF,2743,LF3195NG,Africa,Western Africa,AFRO/EMRO,NG,Nigeria,182,Osun,2234,Ila,0,Location,Ajaba,2,7.60584,3.91744,Postintervention,Country,No,2000-2010,2008,2008,2,SS/Spot,Wuchereria bancrofti,Both,Unknown,0,0,Nigeria Ministry of Health,Report,2009,No,Programme to Eliminate Lymphatic Filariasis. Country Report WHO; NGA0014_LF2009,0,60,NA,NA,NA,NA,0,100,NA,NA,0,NA,NA,0,0.018,NA,NA,NA,NA,0,0,NA,NA,0,NA,NA,0,1.8,NA,NA,NA,NA,0,0,NA,NA,0,NA,NA,0,498,NA,NA,NA,NA,0,0,NA,NA,0,NA,NA,0,9,NA,NA,NA,NA,0,0,NA,NA,0,NA,NA,Blood_smear + ICT + Hydrocele + Lymphedema + Any_clinic,5,age + location + year + MDA round,
NGA0020LF,2744,LF3197NG,Africa,Western Africa,AFRO/EMRO,NG,Nigeria,182,Ondo,65706,Irele,0,Location,Ajagba,1,6.42135,4.92137,Preintervention,No,No,2000-2010,2009,2009,0,SS/Spot,Wuchereria bancrofti,Both,Adults/Children,0,0,Nigeria Ministry of Health,Report,2010,No,Programme to Eliminate Lymphatic Filariasis. Country Report WHO; NGA0016_LF2010,0,60,NA,NA,NA,NA,0,100,NA,NA,0,NA,NA,0,0.029,NA,NA,NA,NA,0,0,NA,NA,0,NA,NA,0,18,NA,NA,NA,NA,0,0,NA,NA,0,NA,NA,0,453,NA,NA,NA,NA,0,0,NA,NA,0,NA,NA,0,13,NA,NA,NA,NA,0,0,NA,NA,0,NA,NA,Blood_smear + ICT + Hydrocele + Lymphedema + Any_clinic,5,location + year,
NGA0020LF,2765,LF3252NG,Africa,Western Africa,AFRO/EMRO,NG,Nigeria,182,Ondo,65706,Ose,0,Location,Idogun,1,7.3,5.95,Preintervention,No,No,2000-2010,2009,2009,0,SS/Spot,Wuchereria bancrofti,Both,Adults/Children,0,0,Nigeria Ministry of Health,Report,2010,No,Programme to Eliminate Lymphatic Filariasis. Country Report WHO; NGA0016_LF2010,0,60,NA,NA,NA,NA,0,100,NA,NA,0,NA,NA,0,0.108,NA,NA,NA,NA,0,0,NA,NA,0,NA,NA,0,18.8,NA,NA,NA,NA,0,0,NA,NA,0,NA,NA,0,517,NA,NA,NA,NA,0,0,NA,NA,0,NA,NA,0,56,NA,NA,NA,NA,0,0,NA,NA,0,NA,NA,Blood_smear + ICT + Hydrocele + Lymphedema + Any_clinic,5,location + year,
NGA0020LF,2786,LF3287NG,Africa,Western Africa,AFRO/EMRO,NG,Nigeria,182,Cross river,2217,Yalla,0,Location,Echimoga,1,6.7833,8.7833,Preintervention,No,No,2010-on,2010,2010,0,SS/Spot,Wuchereria bancrofti,Both,Adults/Children,0,0,Nigeria Ministry of Health,Report,2010,No,Programme to Eliminate Lymphatic Filariasis. Country Report WHO; NGA0016_LF2010,NA,60,NA,NA,NA,NA,0,100,NA,NA,0,NA,NA,NA,0.123,NA,NA,NA,NA,0.006,0.46,NA,NA,0.006,NA,NA,NA,44.26,NA,NA,NA,NA,0,0,NA,NA,0,NA,NA,NA,324,NA,NA,NA,NA,167,50,NA,NA,324,NA,NA,NA,40,NA,NA,NA,NA,1,23,NA,NA,2,NA,NA,Blood_smear + ICT + Hydrocele + Lymphedema,4,location + year,
NGA0025LF,2874,LF3418NG,Africa,Western Africa,AFRO/EMRO,NG,Nigeria,182,Nasarawa,65705,Akwanga,0,Location,Gbuwhen,2,7.3115,8.6393,Postintervention,Country,No,2000-2010,2006,2006,7,SS/Spot,Wuchereria bancrofti,Both,Adults/Children,2,99,"Richards FO, Eigege A, Miri ES, Kal A, Umaru J, Pam D, Rakers LJ, Sambo Y, Danboyi J, Ibrahim B, Adelamo SE, Ogah G, Goshit D, Oyenekan OK, Mathieu E, Withers PC, Saka YA, Jiya J and Hopkins DR",Published paper,2011,Yes,Epidemiological and entomological evaluations after six years or more of mass drug administration for lymphatic filariasis elimination in Nigeria,NA,60,NA,NA,NA,NA,NA,100,NA,NA,NA,NA,NA,NA,0.005,NA,NA,NA,NA,NA,0,NA,NA,NA,NA,NA,NA,0,NA,NA,NA,NA,NA,0,NA,NA,NA,NA,NA,NA,183,NA,NA,NA,NA,NA,0,NA,NA,NA,NA,NA,NA,1,NA,NA,NA,NA,NA,0,NA,NA,NA,NA,NA,Blood_smear + ICT,2,location + year + MDA round + Pre/Post Intervention,ICT measurement not valid
NGA0025LF,2879,LF3423NG,Africa,Western Africa,AFRO/EMRO,NG,Nigeria,182,Plateau,65707,Kanam,0,Location,Gwamlar,3,9.7167,9.8167,Postintervention,Country,No,2000-2010,2006,2006,5,SS/Spot,Wuchereria bancrofti,Both,Adults/Children,2,99,"Richards FO, Eigege A, Miri ES, Kal A, Umaru J, Pam D, Rakers LJ, Sambo Y, Danboyi J, Ibrahim B, Adelamo SE, Ogah G, Goshit D, Oyenekan OK, Mathieu E, Withers PC, Saka YA, Jiya J and Hopkins DR",Published paper,2011,Yes,Epidemiological and entomological evaluations after six years or more of mass drug administration for lymphatic filariasis elimination in Nigeria,NA,60,NA,NA,NA,NA,NA,100,NA,NA,NA,NA,NA,NA,0.121,NA,NA,NA,NA,NA,0,NA,NA,NA,NA,NA,NA,0,NA,NA,NA,NA,NA,0,NA,NA,NA,NA,NA,NA,240,NA,NA,NA,NA,NA,0,NA,NA,NA,NA,NA,NA,29,NA,NA,NA,NA,NA,0,NA,NA,NA,NA,NA,Blood_smear + ICT,2,location + year + MDA round + Pre/Post Intervention,ICT measurement not valid
NGA0025LF,2886,LF3430NG,Africa,Western Africa,AFRO/EMRO,NG,Nigeria,182,Plateau,65707,Pankshin,0,Location,Lankan,1,9.3,9.3333,Postintervention,Country,No,2000-2010,2006,2006,7,SS/Spot,Wuchereria bancrofti,Both,Adults/Children,2,99,"Richards FO, Eigege A, Miri ES, Kal A, Umaru J, Pam D, Rakers LJ, Sambo Y, Danboyi J, Ibrahim B, Adelamo SE, Ogah G, Goshit D, Oyenekan OK, Mathieu E, Withers PC, Saka YA, Jiya J and Hopkins DR",Published paper,2011,Yes,Epidemiological and entomological evaluations after six years or more of mass drug administration for lymphatic filariasis elimination in Nigeria,NA,60,NA,NA,NA,NA,NA,100,NA,NA,NA,NA,NA,NA,0.025,NA,NA,NA,NA,NA,0,NA,NA,NA,NA,NA,NA,0,NA,NA,NA,NA,NA,0,NA,NA,NA,NA,NA,NA,81,NA,NA,NA,NA,NA,0,NA,NA,NA,NA,NA,NA,2,NA,NA,NA,NA,NA,0,NA,NA,NA,NA,NA,Blood_smear + ICT,2,location + year + MDA round + Pre/Post Intervention,ICT measurement not valid
NGA0025LF,2892,LF3436NG,Africa,Western Africa,AFRO/EMRO,NG,Nigeria,182,Nasarawa,65705,Wamba,0,Location,Maiganga,1,9,8.55,Postintervention,Country,No,2000-2010,2006,2006,6,SS/Spot,Wuchereria bancrofti,Both,Adults/Children,2,99,"Richards FO, Eigege A, Miri ES, Kal A, Umaru J, Pam D, Rakers LJ, Sambo Y, Danboyi J, Ibrahim B, Adelamo SE, Ogah G, Goshit D, Oyenekan OK, Mathieu E, Withers PC, Saka YA, Jiya J and Hopkins DR",Published paper,2011,Yes,Epidemiological and entomological evaluations after six years or more of mass drug administration for lymphatic filariasis elimination in Nigeria,NA,60,NA,NA,NA,NA,NA,100,NA,NA,NA,NA,NA,NA,0.056,NA,NA,NA,NA,NA,0,NA,NA,NA,NA,NA,NA,0,NA,NA,NA,NA,NA,0,NA,NA,NA,NA,NA,NA,126,NA,NA,NA,NA,NA,0,NA,NA,NA,NA,NA,NA,7,NA,NA,NA,NA,NA,0,NA,NA,NA,NA,NA,Blood_smear + ICT,2,location + year + MDA round + Pre/Post Intervention,ICT measurement not valid
NGA0025LF,2901,LF3445NG,Africa,Western Africa,AFRO/EMRO,NG,Nigeria,182,Plateau,65707,Kanke,0,Location,Seri,1,9.24,9.42,Postintervention,Country,No,2000-2010,2006,2006,6,SS/Spot,Wuchereria bancrofti,Both,Adults/Children,2,99,"Richards FO, Eigege A, Miri ES, Kal A, Umaru J, Pam D, Rakers LJ, Sambo Y, Danboyi J, Ibrahim B, Adelamo SE, Ogah G, Goshit D, Oyenekan OK, Mathieu E, Withers PC, Saka YA, Jiya J and Hopkins DR",Published paper,2011,Yes,Epidemiological and entomological evaluations after six years or more of mass drug administration for lymphatic filariasis elimination in Nigeria,NA,60,NA,NA,NA,NA,NA,100,NA,NA,NA,NA,NA,NA,0.013,NA,NA,NA,NA,NA,0,NA,NA,NA,NA,NA,NA,0,NA,NA,NA,NA,NA,0,NA,NA,NA,NA,NA,NA,157,NA,NA,NA,NA,NA,0,NA,NA,NA,NA,NA,NA,2,NA,NA,NA,NA,NA,0,NA,NA,NA,NA,NA,Blood_smear + ICT,2,location + year + MDA round + Pre/Post Intervention,ICT measurement not valid
NGA0025LF,2871,LF3415NG,Africa,Western Africa,AFRO/EMRO,NG,Nigeria,182,Nasarawa,65705,Akwanga,0,Location,Gbuwhen,2,7.3115,8.6393,Preintervention,No,No,2000-2010,2000,2000,0,SS/Spot,Wuchereria bancrofti,Both,Adults/Children,2,99,"Richards FO, Eigege A, Miri ES, Kal A, Umaru J, Pam D, Rakers LJ, Sambo Y, Danboyi J, Ibrahim B, Adelamo SE, Ogah G, Goshit D, Oyenekan OK, Mathieu E, Withers PC, Saka YA, Jiya J and Hopkins DR",Published paper,2011,Yes,Epidemiological and entomological evaluations after six years or more of mass drug administration for lymphatic filariasis elimination in Nigeria,NA,60,NA,NA,NA,NA,NA,100,NA,NA,NA,NA,NA,NA,0.037,NA,NA,NA,NA,NA,0.467,NA,NA,NA,NA,NA,NA,0,NA,NA,NA,NA,NA,0,NA,NA,NA,NA,NA,NA,508,NA,NA,NA,NA,NA,30,NA,NA,NA,NA,NA,NA,19,NA,NA,NA,NA,NA,14,NA,NA,NA,NA,NA,Blood_smear + ICT,2,location + year + MDA round + Pre/Post Intervention,ICT baseline from 1999-2000 mapping survey while MF from 2003
NGA0025LF,2878,LF3422NG,Africa,Western Africa,AFRO/EMRO,NG,Nigeria,182,Plateau,65707,Kanam,0,Location,Gwamlar,3,9.7167,9.8167,Preintervention,No,No,2000-2010,2002,2002,0,SS/Spot,Wuchereria bancrofti,Both,Adults/Children,2,99,"Richards FO, Eigege A, Miri ES, Kal A, Umaru J, Pam D, Rakers LJ, Sambo Y, Danboyi J, Ibrahim B, Adelamo SE, Ogah G, Goshit D, Oyenekan OK, Mathieu E, Withers PC, Saka YA, Jiya J and Hopkins DR",Published paper,2011,Yes,Epidemiological and entomological evaluations after six years or more of mass drug administration for lymphatic filariasis elimination in Nigeria,NA,60,NA,NA,NA,NA,NA,100,NA,NA,NA,NA,NA,NA,0.067,NA,NA,NA,NA,NA,0.58,NA,NA,NA,NA,NA,NA,0,NA,NA,NA,NA,NA,0,NA,NA,NA,NA,NA,NA,494,NA,NA,NA,NA,NA,50,NA,NA,NA,NA,NA,NA,33,NA,NA,NA,NA,NA,29,NA,NA,NA,NA,NA,Blood_smear + ICT,2,location + year + MDA round + Pre/Post Intervention,ICT baseline from 1999-2000 mapping survey while MF from 2003
NGA0025LF,2890,LF3434NG,Africa,Western Africa,AFRO/EMRO,NG,Nigeria,182,Nasarawa,65705,Wamba,0,Location,Maiganga,1,9,8.55,Preintervention,No,No,2000-2010,2001,2001,0,SS/Spot,Wuchereria bancrofti,Both,Adults/Children,2,99,"Richards FO, Eigege A, Miri ES, Kal A, Umaru J, Pam D, Rakers LJ, Sambo Y, Danboyi J, Ibrahim B, Adelamo SE, Ogah G, Goshit D, Oyenekan OK, Mathieu E, Withers PC, Saka YA, Jiya J and Hopkins DR",Published paper,2011,Yes,Epidemiological and entomological evaluations after six years or more of mass drug administration for lymphatic filariasis elimination in Nigeria,NA,60,NA,NA,NA,NA,NA,100,NA,NA,NA,NA,NA,NA,0.047,NA,NA,NA,NA,NA,0.54,NA,NA,NA,NA,NA,NA,0,NA,NA,NA,NA,NA,0,NA,NA,NA,NA,NA,NA,486,NA,NA,NA,NA,NA,50,NA,NA,NA,NA,NA,NA,29,NA,NA,NA,NA,NA,27,NA,NA,NA,NA,NA,Blood_smear + ICT,2,location + year + MDA round + Pre/Post Intervention,ICT baseline from 1999-2000 mapping survey while MF from 2003
NGA0025LF,2899,LF3443NG,Africa,Western Africa,AFRO/EMRO,NG,Nigeria,182,Plateau,65707,Kanke,0,Location,Seri,1,9.24,9.42,Preintervention,No,No,2000-2010,2001,2001,0,SS/Spot,Wuchereria bancrofti,Both,Adults/Children,2,99,"Richards FO, Eigege A, Miri ES, Kal A, Umaru J, Pam D, Rakers LJ, Sambo Y, Danboyi J, Ibrahim B, Adelamo SE, Ogah G, Goshit D, Oyenekan OK, Mathieu E, Withers PC, Saka YA, Jiya J and Hopkins DR",Published paper,2011,Yes,Epidemiological and entomological evaluations after six years or more of mass drug administration for lymphatic filariasis elimination in Nigeria,NA,60,NA,NA,NA,NA,NA,100,NA,NA,NA,NA,NA,NA,0.106,NA,NA,NA,NA,NA,0.62,NA,NA,NA,NA,NA,NA,0,NA,NA,NA,NA,NA,0,NA,NA,NA,NA,NA,NA,527,NA,NA,NA,NA,NA,50,NA,NA,NA,NA,NA,NA,56,NA,NA,NA,NA,NA,31,NA,NA,NA,NA,NA,Blood_smear + ICT,2,location + year + MDA round + Pre/Post Intervention,ICT baseline from 1999-2000 mapping survey while MF from 2003
NGA0025LF,2883,LF3427NG,Africa,Western Africa,AFRO/EMRO,NG,Nigeria,182,Plateau,65707,Pankshin,0,Location,Lankan,1,9.3,9.3333,Preintervention,No,No,2000-2010,2000,2000,0,SS/Spot,Wuchereria bancrofti,Both,Adults/Children,2,99,"Richards FO, Eigege A, Miri ES, Kal A, Umaru J, Pam D, Rakers LJ, Sambo Y, Danboyi J, Ibrahim B, Adelamo SE, Ogah G, Goshit D, Oyenekan OK, Mathieu E, Withers PC, Saka YA, Jiya J and Hopkins DR",Published paper,2011,Yes,Epidemiological and entomological evaluations after six years or more of mass drug administration for lymphatic filariasis elimination in Nigeria,NA,60,NA,NA,NA,NA,NA,100,NA,NA,NA,NA,NA,NA,0.033,NA,NA,NA,NA,NA,0.47,NA,NA,NA,NA,NA,NA,0,NA,NA,NA,NA,NA,0,NA,NA,NA,NA,NA,NA,274,NA,NA,NA,NA,NA,100,NA,NA,NA,NA,NA,NA,9,NA,NA,NA,NA,NA,47,NA,NA,NA,NA,NA,Blood_smear + ICT,2,location + year + MDA round + Pre/Post Intervention,ICT baseline from 1999-2000 mapping survey while MF from 2003
NGA0025LF,2900,LF3444NG,Africa,Western Africa,AFRO/EMRO,NG,Nigeria,182,Plateau,65707,Kanke,0,Location,Seri,1,9.24,9.42,Postintervention,Country,No,2000-2010,2005,2005,5,SS/Spot,Wuchereria bancrofti,Both,Adults/Children,2,99,"Richards FO, Eigege A, Miri ES, Kal A, Umaru J, Pam D, Rakers LJ, Sambo Y, Danboyi J, Ibrahim B, Adelamo SE, Ogah G, Goshit D, Oyenekan OK, Mathieu E, Withers PC, Saka YA, Jiya J and Hopkins DR",Published paper,2011,Yes,Epidemiological and entomological evaluations after six years or more of mass drug administration for lymphatic filariasis elimination in Nigeria,NA,60,NA,NA,NA,NA,NA,100,NA,NA,NA,NA,NA,NA,0.016,NA,NA,NA,NA,NA,0.13,NA,NA,NA,NA,NA,NA,0,NA,NA,NA,NA,NA,0,NA,NA,NA,NA,NA,NA,321,NA,NA,NA,NA,NA,150,NA,NA,NA,NA,NA,NA,5,NA,NA,NA,NA,NA,20,NA,NA,NA,NA,NA,Blood_smear + ICT,2,location + year + MDA round + Pre/Post Intervention,valid
NGA0025LF,2861,LF3405NG,Africa,Western Africa,AFRO/EMRO,NG,Nigeria,182,Nasarawa,65705,Awe,0,Location,Azara,1,8.3622,9.24682,Postintervention,Country,No,2000-2010,2007,2007,5,SS/Spot,Wuchereria bancrofti,Both,Adults/Children,2,99,"Richards FO, Eigege A, Miri ES, Kal A, Umaru J, Pam D, Rakers LJ, Sambo Y, Danboyi J, Ibrahim B, Adelamo SE, Ogah G, Goshit D, Oyenekan OK, Mathieu E, Withers PC, Saka YA, Jiya J and Hopkins DR",Published paper,2011,Yes,Epidemiological and entomological evaluations after six years or more of mass drug administration for lymphatic filariasis elimination in Nigeria,NA,60,NA,NA,NA,NA,NA,100,NA,NA,NA,NA,NA,NA,0,NA,NA,NA,NA,NA,0.22,NA,NA,NA,NA,NA,NA,0,NA,NA,NA,NA,NA,0,NA,NA,NA,NA,NA,NA,20,NA,NA,NA,NA,NA,185,NA,NA,NA,NA,NA,NA,0,NA,NA,NA,NA,NA,41,NA,NA,NA,NA,NA,Blood_smear + ICT,2,location + year + MDA round + Pre/Post Intervention,valid
NGA0025LF,2857,LF3401NG,Africa,Western Africa,AFRO/EMRO,NG,Nigeria,182,Nasarawa,65705,Awe,0,Location,Akwete,1,8.08558,9.20002,Postintervention,Country,No,2000-2010,2007,2007,5,SS/Spot,Wuchereria bancrofti,Both,Adults/Children,2,99,"Richards FO, Eigege A, Miri ES, Kal A, Umaru J, Pam D, Rakers LJ, Sambo Y, Danboyi J, Ibrahim B, Adelamo SE, Ogah G, Goshit D, Oyenekan OK, Mathieu E, Withers PC, Saka YA, Jiya J and Hopkins DR",Published paper,2011,Yes,Epidemiological and entomological evaluations after six years or more of mass drug administration for lymphatic filariasis elimination in Nigeria,NA,60,NA,NA,NA,NA,NA,100,NA,NA,NA,NA,NA,NA,0,NA,NA,NA,NA,NA,0.058,NA,NA,NA,NA,NA,NA,0,NA,NA,NA,NA,NA,0,NA,NA,NA,NA,NA,NA,81,NA,NA,NA,NA,NA,191,NA,NA,NA,NA,NA,NA,0,NA,NA,NA,NA,NA,11,NA,NA,NA,NA,NA,Blood_smear + ICT,2,location + year + MDA round + Pre/Post Intervention,valid
NGA0025LF,2887,LF3431NG,Africa,Western Africa,AFRO/EMRO,NG,Nigeria,182,Plateau,65707,Pankshin,0,Location,Lankan,1,9.3,9.3333,Postintervention,Country,No,2000-2010,2007,2007,8,SS/Spot,Wuchereria bancrofti,Both,Adults/Children,2,99,"Richards FO, Eigege A, Miri ES, Kal A, Umaru J, Pam D, Rakers LJ, Sambo Y, Danboyi J, Ibrahim B, Adelamo SE, Ogah G, Goshit D, Oyenekan OK, Mathieu E, Withers PC, Saka YA, Jiya J and Hopkins DR",Published paper,2011,Yes,Epidemiological and entomological evaluations after six years or more of mass drug administration for lymphatic filariasis elimination in Nigeria,NA,60,NA,NA,NA,NA,NA,100,NA,NA,NA,NA,NA,NA,0.017,NA,NA,NA,NA,NA,0.206,NA,NA,NA,NA,NA,NA,0,NA,NA,NA,NA,NA,0,NA,NA,NA,NA,NA,NA,117,NA,NA,NA,NA,NA,253,NA,NA,NA,NA,NA,NA,2,NA,NA,NA,NA,NA,52,NA,NA,NA,NA,NA,Blood_smear + ICT,2,location + year + MDA round + Pre/Post Intervention,valid
NGA0025LF,2880,LF3424NG,Africa,Western Africa,AFRO/EMRO,NG,Nigeria,182,Plateau,65707,Kanam,0,Location,Gwamlar,3,9.7167,9.8167,Postintervention,Country,No,2000-2010,2007,2007,6,SS/Spot,Wuchereria bancrofti,Both,Adults/Children,2,99,"Richards FO, Eigege A, Miri ES, Kal A, Umaru J, Pam D, Rakers LJ, Sambo Y, Danboyi J, Ibrahim B, Adelamo SE, Ogah G, Goshit D, Oyenekan OK, Mathieu E, Withers PC, Saka YA, Jiya J and Hopkins DR",Published paper,2011,Yes,Epidemiological and entomological evaluations after six years or more of mass drug administration for lymphatic filariasis elimination in Nigeria,NA,60,NA,NA,NA,NA,NA,100,NA,NA,NA,NA,NA,NA,0.016,NA,NA,NA,NA,NA,0.315,NA,NA,NA,NA,NA,NA,0,NA,NA,NA,NA,NA,0,NA,NA,NA,NA,NA,NA,128,NA,NA,NA,NA,NA,270,NA,NA,NA,NA,NA,NA,2,NA,NA,NA,NA,NA,85,NA,NA,NA,NA,NA,Blood_smear + ICT,2,location + year + MDA round + Pre/Post Intervention,valid
NGA0025LF,2868,LF3412NG,Africa,Western Africa,AFRO/EMRO,NG,Nigeria,182,Plateau,65707,Shendam,0,Location,Dokan Tofa,1,9.088401,9.325835,Postintervention,Country,No,2000-2010,2007,2007,5,SS/Spot,Wuchereria bancrofti,Both,Adults/Children,2,99,"Richards FO, Eigege A, Miri ES, Kal A, Umaru J, Pam D, Rakers LJ, Sambo Y, Danboyi J, Ibrahim B, Adelamo SE, Ogah G, Goshit D, Oyenekan OK, Mathieu E, Withers PC, Saka YA, Jiya J and Hopkins DR",Published paper,2011,Yes,Epidemiological and entomological evaluations after six years or more of mass drug administration for lymphatic filariasis elimination in Nigeria,NA,60,NA,NA,NA,NA,NA,100,NA,NA,NA,NA,NA,NA,0.013,NA,NA,NA,NA,NA,0.144,NA,NA,NA,NA,NA,NA,0,NA,NA,NA,NA,NA,0,NA,NA,NA,NA,NA,NA,151,NA,NA,NA,NA,NA,277,NA,NA,NA,NA,NA,NA,2,NA,NA,NA,NA,NA,40,NA,NA,NA,NA,NA,Blood_smear + ICT,2,location + year + MDA round + Pre/Post Intervention,valid
NGA0025LF,2875,LF3419NG,Africa,Western Africa,AFRO/EMRO,NG,Nigeria,182,Nasarawa,65705,Akwanga,0,Location,Gbuwhen,2,7.3115,8.6393,Postintervention,Country,No,2000-2010,2007,2007,8,SS/Spot,Wuchereria bancrofti,Both,Adults/Children,2,99,"Richards FO, Eigege A, Miri ES, Kal A, Umaru J, Pam D, Rakers LJ, Sambo Y, Danboyi J, Ibrahim B, Adelamo SE, Ogah G, Goshit D, Oyenekan OK, Mathieu E, Withers PC, Saka YA, Jiya J and Hopkins DR",Published paper,2011,Yes,Epidemiological and entomological evaluations after six years or more of mass drug administration for lymphatic filariasis elimination in Nigeria,NA,60,NA,NA,NA,NA,NA,100,NA,NA,NA,NA,NA,NA,0,NA,NA,NA,NA,NA,0.064,NA,NA,NA,NA,NA,NA,0,NA,NA,NA,NA,NA,0,NA,NA,NA,NA,NA,NA,127,NA,NA,NA,NA,NA,282,NA,NA,NA,NA,NA,NA,0,NA,NA,NA,NA,NA,18,NA,NA,NA,NA,NA,Blood_smear + ICT,2,location + year + MDA round + Pre/Post Intervention,valid
NGA0025LF,2897,LF3441NG,Africa,Western Africa,AFRO/EMRO,NG,Nigeria,182,Plateau,65707,Mikang,0,Location,Piapung,2,9.033333,9.516667,Postintervention,Country,No,2000-2010,2007,2007,5,SS/Spot,Wuchereria bancrofti,Both,Adults/Children,2,99,"Richards FO, Eigege A, Miri ES, Kal A, Umaru J, Pam D, Rakers LJ, Sambo Y, Danboyi J, Ibrahim B, Adelamo SE, Ogah G, Goshit D, Oyenekan OK, Mathieu E, Withers PC, Saka YA, Jiya J and Hopkins DR",Published paper,2011,Yes,Epidemiological and entomological evaluations after six years or more of mass drug administration for lymphatic filariasis elimination in Nigeria,NA,60,NA,NA,NA,NA,NA,100,NA,NA,NA,NA,NA,NA,0.096,NA,NA,NA,NA,NA,0.196,NA,NA,NA,NA,NA,NA,0,NA,NA,NA,NA,NA,0,NA,NA,NA,NA,NA,NA,187,NA,NA,NA,NA,NA,312,NA,NA,NA,NA,NA,NA,18,NA,NA,NA,NA,NA,61,NA,NA,NA,NA,NA,Blood_smear + ICT,2,location + year + MDA round + Pre/Post Intervention,valid
NGA0025LF,2865,LF3409NG,Africa,Western Africa,AFRO/EMRO,NG,Nigeria,182,Plateau,65707,Jos North,0,Location,Babale,1,11.121331,7.269637,Postintervention,Country,No,2000-2010,2007,2007,5,SS/Spot,Wuchereria bancrofti,Both,Adults/Children,2,99,"Richards FO, Eigege A, Miri ES, Kal A, Umaru J, Pam D, Rakers LJ, Sambo Y, Danboyi J, Ibrahim B, Adelamo SE, Ogah G, Goshit D, Oyenekan OK, Mathieu E, Withers PC, Saka YA, Jiya J and Hopkins DR",Published paper,2011,Yes,Epidemiological and entomological evaluations after six years or more of mass drug administration for lymphatic filariasis elimination in Nigeria,NA,60,NA,NA,NA,NA,NA,100,NA,NA,NA,NA,NA,NA,0,NA,NA,NA,NA,NA,0.015,NA,NA,NA,NA,NA,NA,0,NA,NA,NA,NA,NA,0,NA,NA,NA,NA,NA,NA,96,NA,NA,NA,NA,NA,324,NA,NA,NA,NA,NA,NA,0,NA,NA,NA,NA,NA,5,NA,NA,NA,NA,NA,Blood_smear + ICT,2,location + year + MDA round + Pre/Post Intervention,valid
NGA0025LF,2902,LF3446NG,Africa,Western Africa,AFRO/EMRO,NG,Nigeria,182,Plateau,65707,Kanke,0,Location,Seri,1,9.24,9.42,Postintervention,Country,No,2000-2010,2007,2007,7,SS/Spot,Wuchereria bancrofti,Both,Adults/Children,2,99,"Richards FO, Eigege A, Miri ES, Kal A, Umaru J, Pam D, Rakers LJ, Sambo Y, Danboyi J, Ibrahim B, Adelamo SE, Ogah G, Goshit D, Oyenekan OK, Mathieu E, Withers PC, Saka YA, Jiya J and Hopkins DR",Published paper,2011,Yes,Epidemiological and entomological evaluations after six years or more of mass drug administration for lymphatic filariasis elimination in Nigeria,NA,60,NA,NA,NA,NA,NA,100,NA,NA,NA,NA,NA,NA,0.008,NA,NA,NA,NA,NA,0.226,NA,NA,NA,NA,NA,NA,0,NA,NA,NA,NA,NA,0,NA,NA,NA,NA,NA,NA,133,NA,NA,NA,NA,NA,385,NA,NA,NA,NA,NA,NA,1,NA,NA,NA,NA,NA,87,NA,NA,NA,NA,NA,Blood_smear + ICT,2,location + year + MDA round + Pre/Post Intervention,valid
TGO0003LF,3363,LF4067TG,Africa,Western Africa,AFRO/EMRO,TG,Togo,243,Plateaux,2973,AMOU,27399,Location,Otowou,2,7.483333,1.033333,Preintervention,No,No,2000-2010,2001,2001,0,SS/Spot,Wuchereria bancrofti,Both,Adults/Children,0,0,Togo Ministry of Health,Report,2001,No,Programme to Eliminate Lymphatic Filariasis. Country Report WHO; TGO0003_LF2001,NA,20,NA,NA,NA,NA,0,100,NA,NA,0,NA,NA,NA,0.106,NA,NA,NA,NA,0.002,0.049,NA,NA,0,NA,NA,NA,0,NA,NA,NA,NA,0,0,NA,NA,0,NA,NA,NA,500,NA,NA,NA,NA,500,82,NA,NA,500,NA,NA,NA,53,NA,NA,NA,NA,1,4,NA,NA,0,NA,NA,Blood_smear + ICT + Hydrocele + Lymphedema,4,location,
TGO0003LF,3367,LF4071TG,Africa,Western Africa,AFRO/EMRO,TG,Togo,243,Kara,2971,BINAH,27390,Location,P??ssar??-pouh,1,9.8,1.233333,Preintervention,No,No,2000-2010,2001,2001,0,SS/Spot,Wuchereria bancrofti,Both,Adults/Children,0,0,Togo Ministry of Health,Report,2001,No,Programme to Eliminate Lymphatic Filariasis. Country Report WHO; TGO0003_LF2001,NA,20,NA,NA,NA,NA,0,100,NA,NA,0,NA,NA,NA,0.1,NA,NA,NA,NA,0.01,0.313,NA,NA,0.02,NA,NA,NA,0,NA,NA,NA,NA,0,0,NA,NA,0,NA,NA,NA,500,NA,NA,NA,NA,500,83,NA,NA,500,NA,NA,NA,50,NA,NA,NA,NA,5,26,NA,NA,10,NA,NA,Blood_smear + ICT + Hydrocele + Lymphedema,4,location,
TGO0003LF,3369,LF4073TG,Africa,Western Africa,AFRO/EMRO,TG,Togo,243,Kara,2971,Doufelgou,27391,Location,Koulint??,3,10.983333,0.216667,Preintervention,No,No,2000-2010,2001,2001,0,SS/Spot,Wuchereria bancrofti,Both,Adults/Children,0,0,Togo Ministry of Health,Report,2001,No,Programme to Eliminate Lymphatic Filariasis. Country Report WHO; TGO0003_LF2001,NA,20,NA,NA,NA,NA,0,100,NA,NA,0,NA,NA,NA,0.222,NA,NA,NA,NA,0,0.03,NA,NA,0,NA,NA,NA,0,NA,NA,NA,NA,0,0,NA,NA,0,NA,NA,NA,500,NA,NA,NA,NA,500,100,NA,NA,500,NA,NA,NA,111,NA,NA,NA,NA,0,3,NA,NA,0,NA,NA,Blood_smear + ICT + Hydrocele + Lymphedema,4,location,
TGO0003LF,3373,LF4077TG,Africa,Western Africa,AFRO/EMRO,TG,Togo,243,Plateaux,2973,HAHO,65279,Location,Hahom??gb??,1,6.933333,1.033333,Preintervention,No,No,2000-2010,2001,2001,0,SS/Spot,Wuchereria bancrofti,Both,Adults/Children,0,0,Togo Ministry of Health,Report,2001,No,Programme to Eliminate Lymphatic Filariasis. Country Report WHO; TGO0003_LF2001,NA,20,NA,NA,NA,NA,0,100,NA,NA,0,NA,NA,NA,0.008,NA,NA,NA,NA,0,0.027,NA,NA,0,NA,NA,NA,0,NA,NA,NA,NA,0,0,NA,NA,0,NA,NA,NA,500,NA,NA,NA,NA,500,75,NA,NA,500,NA,NA,NA,4,NA,NA,NA,NA,0,2,NA,NA,0,NA,NA,Blood_smear + ICT + Hydrocele + Lymphedema,4,location,
TGO0003LF,3377,LF4081TG,Africa,Western Africa,AFRO/EMRO,TG,Togo,243,Kara,2971,KOZAH,27393,Location,Soumbou,2,10.616667,0.733333,Preintervention,No,No,2000-2010,2001,2001,0,SS/Spot,Wuchereria bancrofti,Both,Adults/Children,0,0,Togo Ministry of Health,Report,2001,No,Programme to Eliminate Lymphatic Filariasis. Country Report WHO; TGO0003_LF2001,NA,20,NA,NA,NA,NA,0,100,NA,NA,0,NA,NA,NA,0.012,NA,NA,NA,NA,0,0.01,NA,NA,0,NA,NA,NA,0,NA,NA,NA,NA,0,0,NA,NA,0,NA,NA,NA,500,NA,NA,NA,NA,500,100,NA,NA,500,NA,NA,NA,6,NA,NA,NA,NA,0,1,NA,NA,0,NA,NA,Blood_smear + ICT + Hydrocele + Lymphedema,4,location,
TGO0003LF,3380,LF4084TG,Africa,Western Africa,AFRO/EMRO,TG,Togo,243,Savanes,2974,KPENDJAL,65281,Location,Bagr??,1,10.878611,0.731111,Preintervention,No,No,2000-2010,2001,2001,0,SS/Spot,Wuchereria bancrofti,Both,Adults/Children,0,0,Togo Ministry of Health,Report,2001,No,Programme to Eliminate Lymphatic Filariasis. Country Report WHO; TGO0003_LF2001,NA,20,NA,NA,NA,NA,0,100,NA,NA,0,NA,NA,NA,0.006,NA,NA,NA,NA,0,0.05,NA,NA,0,NA,NA,NA,0,NA,NA,NA,NA,0,0,NA,NA,0,NA,NA,NA,500,NA,NA,NA,NA,500,100,NA,NA,500,NA,NA,NA,3,NA,NA,NA,NA,0,5,NA,NA,0,NA,NA,Blood_smear + ICT + Hydrocele + Lymphedema,4,location,
UGA0001LF,3437,LF4148UG,Africa,Eastern Africa,AFRO/EMRO,UG,Uganda,253,ELGON,0,Kapchorwa,0,Area,Kaproron,1,1.387778,34.612778,Preintervention,No,No,1990-2000,1998,1998,0,Mapping survey,Wuchereria bancrofti,Both,Adults/Children,1,99,"Onapa AW, Simonsen PE and Pedersen EM",Published paper,2001,Yes,Non-filarial elephantiasis in the Mt. Elgon area (Kapchorwa District) of Uganda,NA,100,NA,NA,NA,NA,0,100,NA,NA,0,NA,NA,NA,0,NA,NA,NA,NA,0.01,0,NA,NA,0.045,NA,NA,NA,0,NA,NA,NA,NA,0,0,NA,NA,0,NA,NA,NA,173,NA,NA,NA,NA,293,289,NA,NA,575,NA,NA,NA,0,NA,NA,NA,NA,3,0,NA,NA,26,NA,NA,Blood_smear + ICT + Hydrocele + Lymphedema,4,Total,valid
UGA0002LF,3444,LF4155UG,Africa,Eastern Africa,AFRO/EMRO,UG,Uganda,253,TESO,0,Katakwi,0,Area,Obalanga,1,2.172778,33.582778,Preintervention,No,No,1990-2000,1998,1998,0,Mapping survey,Wuchereria bancrofti,Both,Adults/Children,1,99,"Onapa AW, Simonsen PE, Pedersen EM and Okello DO",Published paper,2001,Yes,"Lymphatic filariasis in Uganda: baseline investigations in Lira, Soroti and Katakwi districts",NA,100,NA,NA,NA,NA,0,100,NA,NA,0,NA,NA,NA,0.224,NA,NA,NA,NA,0.173,0.301,NA,NA,0.037,NA,NA,NA,402,NA,NA,NA,NA,0,0,NA,NA,0,NA,NA,NA,513,NA,NA,NA,NA,231,900,NA,NA,534,NA,NA,NA,115,NA,NA,NA,NA,40,271,NA,NA,20,NA,NA,Blood_smear + ICT + Hydrocele + Lymphedema,4,location,valid
UGA0002LF,3457,LF4169UG,Africa,Eastern Africa,AFRO/EMRO,UG,Uganda,253,LANGO,0,Lira,0,Area,Alebtong,1,2.244722,33.254722,Preintervention,No,No,1990-2000,1998,1998,0,Mapping survey,Wuchereria bancrofti,Both,Adults/Children,1,99,"Onapa AW, Simonsen PE, Pedersen EM and Okello DO",Published paper,2001,Yes,"Lymphatic filariasis in Uganda: baseline investigations in Lira, Soroti and Katakwi districts",NA,100,NA,NA,NA,NA,0,100,NA,NA,0,NA,NA,NA,0.255,NA,NA,NA,NA,0.287,0.291,NA,NA,0.097,NA,NA,NA,306,NA,NA,NA,NA,0,0,NA,NA,0,NA,NA,NA,322,NA,NA,NA,NA,209,890,NA,NA,495,NA,NA,NA,82,NA,NA,NA,NA,60,259,NA,NA,48,NA,NA,Blood_smear + ICT + Hydrocele + Lymphedema,4,location,valid
UGA0002LF,3501,LF4215UG,Africa,Eastern Africa,AFRO/EMRO,UG,Uganda,253,TESO,0,Soroti,0,Area,Lwala,1,1.85,33.283333,Preintervention,No,No,1990-2000,1998,1998,0,Mapping survey,Wuchereria bancrofti,Both,Adults/Children,1,99,"Onapa AW, Simonsen PE, Pedersen EM and Okello DO",Published paper,2001,Yes,"Lymphatic filariasis in Uganda: baseline investigations in Lira, Soroti and Katakwi districts",NA,100,NA,NA,NA,NA,0,100,NA,NA,0,NA,NA,NA,0.097,NA,NA,NA,NA,0.07,0.183,NA,NA,0.039,NA,NA,NA,171,NA,NA,NA,NA,0,0,NA,NA,0,NA,NA,NA,422,NA,NA,NA,NA,201,896,NA,NA,518,NA,NA,NA,41,NA,NA,NA,NA,14,164,NA,NA,20,NA,NA,Blood_smear + ICT + Hydrocele + Lymphedema,4,location,valid
UGA0006LF,3443,LF4154UG,Africa,Eastern Africa,AFRO/EMRO,UG,Uganda,253,TESO,0,Katakwi,0,Location,Obalanga,2,2.172778,33.582778,Postintervention,Country,No,2010-on,2010,2010,5,SS/Spot,Wuchereria bancrofti,Both,Adults/Children,0,0,Uganda Ministry of Health,Report,2010,No,Programme to Eliminate Lymphatic Filariasis. Country Report WHO; UGA0014_LF2010,NA,20,NA,NA,NA,NA,0,100,NA,NA,0,NA,NA,NA,0.004,NA,NA,NA,NA,0.063,0,NA,NA,0.003,NA,NA,NA,183.7,NA,NA,NA,NA,0,0,NA,NA,0,NA,NA,NA,519,NA,NA,NA,NA,270,132,NA,NA,667,NA,NA,NA,2,NA,NA,NA,NA,17,0,NA,NA,2,NA,NA,Blood_smear + ICT + Hydrocele + Lymphedema,4,location + year + MDA round + Pre/Post Intervention,
UGA0006LF,3454,LF4166UG,Africa,Eastern Africa,AFRO/EMRO,UG,Uganda,253,KARAMOJA,0,Kotido,0,Location,Orwamuge,1,2.536466,33.620379,Postintervention,Country,No,2010-on,2010,2010,4,SS/Spot,Wuchereria bancrofti,Both,Adults/Children,0,0,Uganda Ministry of Health,Report,2010,No,Programme to Eliminate Lymphatic Filariasis. Country Report WHO; UGA0014_LF2010,NA,20,NA,NA,NA,NA,0,100,NA,NA,0,NA,NA,NA,0,NA,NA,NA,NA,0.009,0,NA,NA,0.149,NA,NA,NA,0,NA,NA,NA,NA,0,0,NA,NA,0,NA,NA,NA,520,NA,NA,NA,NA,222,112,NA,NA,530,NA,NA,NA,0,NA,NA,NA,NA,2,0,NA,NA,79,NA,NA,Blood_smear + ICT + Hydrocele + Lymphedema,4,location + year + MDA round + Pre/Post Intervention,
UGA0006LF,3456,LF4168UG,Africa,Eastern Africa,AFRO/EMRO,UG,Uganda,253,LANGO,0,Lira,0,Location,Alebtong,1,2.244722,33.254722,Postintervention,Country,No,2010-on,2010,2010,5,SS/Spot,Wuchereria bancrofti,Both,Adults/Children,0,0,Uganda Ministry of Health,Report,2010,No,Programme to Eliminate Lymphatic Filariasis. Country Report WHO; UGA0014_LF2010,NA,20,NA,NA,NA,NA,0,100,NA,NA,0,NA,NA,NA,0.006,NA,NA,NA,NA,0.047,0,NA,NA,0.061,NA,NA,NA,295,NA,NA,NA,NA,0,0,NA,NA,0,NA,NA,NA,504,NA,NA,NA,NA,277,145,NA,NA,639,NA,NA,NA,3,NA,NA,NA,NA,13,0,NA,NA,39,NA,NA,Blood_smear + ICT + Hydrocele + Lymphedema,4,location + year + MDA round + Pre/Post Intervention,
UGA0006LF,3485,LF4198UG,Africa,Eastern Africa,AFRO/EMRO,UG,Uganda,253,KARAMOJA,0,Nakapiripirit,0,Location,Nabilatuk,1,2.020556,34.584167,Postintervention,Country,No,2010-on,2010,2010,4,SS/Spot,Wuchereria bancrofti,Both,Adults/Children,0,0,Uganda Ministry of Health,Report,2010,No,Programme to Eliminate Lymphatic Filariasis. Country Report WHO; UGA0014_LF2010,NA,20,NA,NA,NA,NA,0,100,NA,NA,0,NA,NA,NA,0,NA,NA,NA,NA,0.004,0,NA,NA,0.032,NA,NA,NA,0,NA,NA,NA,NA,0,0,NA,NA,0,NA,NA,NA,519,NA,NA,NA,NA,250,65,NA,NA,563,NA,NA,NA,0,NA,NA,NA,NA,1,0,NA,NA,18,NA,NA,Blood_smear + ICT + Hydrocele + Lymphedema,4,location + year + MDA round + Pre/Post Intervention,
UGA0007LF,3512,LF4226UG,Africa,Eastern Africa,AFRO/EMRO,UG,Uganda,253,LANGO,0,Dokolo,0,Location,Adyangoto B,1,1.778977,33.046462,Postintervention,Country,No,2000-2010,2007,2007,3,Mapping survey,Wuchereria bancrofti,Both,Adults/Children,0,99,"Ashton RA, Kyabayinze DJ, Opio T, Auma A, Edwards T, Matwale G, Onapa A, Brooker S and Kolaczinski JH",Published paper,2011,Yes,The impact of mass drug administration and long-lasting insecticidal net distribution on Wuchereria bancrofti infection in humans and mosquitoes: an observational study in northern Uganda,NA,20,NA,NA,NA,NA,NA,100,NA,NA,NA,NA,NA,NA,0.024,NA,NA,NA,NA,NA,0.375,NA,NA,NA,NA,NA,NA,92,NA,NA,NA,NA,NA,0,NA,NA,NA,NA,NA,NA,124,NA,NA,NA,NA,NA,8,NA,NA,NA,NA,NA,NA,3,NA,NA,NA,NA,NA,3,NA,NA,NA,NA,NA,Blood_smear + ICT,2,age + location + year + MDA round,"Unclear how ICT was performed in baseline survey, no details provided in paper, sample sizes very odd"
UGA0007LF,3513,LF4227UG,Africa,Eastern Africa,AFRO/EMRO,UG,Uganda,253,LANGO,0,Dokolo,0,Location,Akabi,1,1.79394,33.043292,Postintervention,Country,No,2000-2010,2007,2007,3,Mapping survey,Wuchereria bancrofti,Both,Adults/Children,0,99,"Ashton RA, Kyabayinze DJ, Opio T, Auma A, Edwards T, Matwale G, Onapa A, Brooker S and Kolaczinski JH",Published paper,2011,Yes,The impact of mass drug administration and long-lasting insecticidal net distribution on Wuchereria bancrofti infection in humans and mosquitoes: an observational study in northern Uganda,NA,20,NA,NA,NA,NA,NA,100,NA,NA,NA,NA,NA,NA,0.087,NA,NA,NA,NA,NA,0.6,NA,NA,NA,NA,NA,NA,218,NA,NA,NA,NA,NA,0,NA,NA,NA,NA,NA,NA,103,NA,NA,NA,NA,NA,5,NA,NA,NA,NA,NA,NA,9,NA,NA,NA,NA,NA,3,NA,NA,NA,NA,NA,Blood_smear + ICT,2,age + location + year + MDA round,"Unclear how ICT was performed in baseline survey, no details provided in paper, sample sizes very odd"
UGA0007LF,3514,LF4228UG,Africa,Eastern Africa,AFRO/EMRO,UG,Uganda,253,LANGO,0,Dokolo,0,Location,Okwor,1,1.770537,33.008355,Postintervention,Country,No,2000-2010,2007,2007,3,Mapping survey,Wuchereria bancrofti,Both,Adults/Children,0,99,"Ashton RA, Kyabayinze DJ, Opio T, Auma A, Edwards T, Matwale G, Onapa A, Brooker S and Kolaczinski JH",Published paper,2011,Yes,The impact of mass drug administration and long-lasting insecticidal net distribution on Wuchereria bancrofti infection in humans and mosquitoes: an observational study in northern Uganda,NA,20,NA,NA,NA,NA,NA,100,NA,NA,NA,NA,NA,NA,0.071,NA,NA,NA,NA,NA,0.7,NA,NA,NA,NA,NA,NA,211,NA,NA,NA,NA,NA,0,NA,NA,NA,NA,NA,NA,140,NA,NA,NA,NA,NA,10,NA,NA,NA,NA,NA,NA,10,NA,NA,NA,NA,NA,7,NA,NA,NA,NA,NA,Blood_smear + ICT,2,age + location + year + MDA round,"Unclear how ICT was performed in baseline survey, no details provided in paper, sample sizes very odd"
UGA0007LF,3515,LF4229UG,Africa,Eastern Africa,AFRO/EMRO,UG,Uganda,253,LANGO,0,Dokolo,0,Location,Aridi,1,1.755632,33.005827,Postintervention,Country,No,2000-2010,2007,2007,3,Mapping survey,Wuchereria bancrofti,Both,Adults/Children,0,99,"Ashton RA, Kyabayinze DJ, Opio T, Auma A, Edwards T, Matwale G, Onapa A, Brooker S and Kolaczinski JH",Published paper,2011,Yes,The impact of mass drug administration and long-lasting insecticidal net distribution on Wuchereria bancrofti infection in humans and mosquitoes: an observational study in northern Uganda,NA,20,NA,NA,NA,NA,NA,100,NA,NA,NA,NA,NA,NA,0.056,NA,NA,NA,NA,NA,0.286,NA,NA,NA,NA,NA,NA,85,NA,NA,NA,NA,NA,0,NA,NA,NA,NA,NA,NA,125,NA,NA,NA,NA,NA,14,NA,NA,NA,NA,NA,NA,7,NA,NA,NA,NA,NA,4,NA,NA,NA,NA,NA,Blood_smear + ICT,2,age + location + year + MDA round,"Unclear how ICT was performed in baseline survey, no details provided in paper, sample sizes very odd"
UGA0007LF,3516,LF4230UG,Africa,Eastern Africa,AFRO/EMRO,UG,Uganda,253,LANGO,0,Dokolo,0,Location,Alwar,1,1.768448,33.02452,Postintervention,Country,No,2000-2010,2007,2007,3,Mapping survey,Wuchereria bancrofti,Both,Adults/Children,0,99,"Ashton RA, Kyabayinze DJ, Opio T, Auma A, Edwards T, Matwale G, Onapa A, Brooker S and Kolaczinski JH",Published paper,2011,Yes,The impact of mass drug administration and long-lasting insecticidal net distribution on Wuchereria bancrofti infection in humans and mosquitoes: an observational study in northern Uganda,NA,20,NA,NA,NA,NA,NA,100,NA,NA,NA,NA,NA,NA,0.015,NA,NA,NA,NA,NA,0.353,NA,NA,NA,NA,NA,NA,103,NA,NA,NA,NA,NA,0,NA,NA,NA,NA,NA,NA,196,NA,NA,NA,NA,NA,17,NA,NA,NA,NA,NA,NA,3,NA,NA,NA,NA,NA,6,NA,NA,NA,NA,NA,Blood_smear + ICT,2,age + location + year + MDA round,"Unclear how ICT was performed in baseline survey, no details provided in paper, sample sizes very odd"
UGA0007LF,3517,LF4231UG,Africa,Eastern Africa,AFRO/EMRO,UG,Uganda,253,LANGO,0,Dokolo,0,Location,Acapii,1,1.772954,33.017566,Postintervention,Country,No,2000-2010,2007,2007,3,Mapping survey,Wuchereria bancrofti,Both,Adults/Children,0,99,"Ashton RA, Kyabayinze DJ, Opio T, Auma A, Edwards T, Matwale G, Onapa A, Brooker S and Kolaczinski JH",Published paper,2011,Yes,The impact of mass drug administration and long-lasting insecticidal net distribution on Wuchereria bancrofti infection in humans and mosquitoes: an observational study in northern Uganda,NA,20,NA,NA,NA,NA,NA,100,NA,NA,NA,NA,NA,NA,0.061,NA,NA,NA,NA,NA,0.19,NA,NA,NA,NA,NA,NA,109,NA,NA,NA,NA,NA,0,NA,NA,NA,NA,NA,NA,99,NA,NA,NA,NA,NA,21,NA,NA,NA,NA,NA,NA,6,NA,NA,NA,NA,NA,4,NA,NA,NA,NA,NA,Blood_smear + ICT,2,age + location + year + MDA round,"Unclear how ICT was performed in baseline survey, no details provided in paper, sample sizes very odd"
UGA0007LF,3518,LF4232UG,Africa,Eastern Africa,AFRO/EMRO,UG,Uganda,253,LANGO,0,Dokolo,0,Location,Adyangoto A,1,1.749516,33.014415,Postintervention,Country,No,2000-2010,2007,2007,3,Mapping survey,Wuchereria bancrofti,Both,Adults/Children,0,99,"Ashton RA, Kyabayinze DJ, Opio T, Auma A, Edwards T, Matwale G, Onapa A, Brooker S and Kolaczinski JH",Published paper,2011,Yes,The impact of mass drug administration and long-lasting insecticidal net distribution on Wuchereria bancrofti infection in humans and mosquitoes: an observational study in northern Uganda,NA,20,NA,NA,NA,NA,NA,100,NA,NA,NA,NA,NA,NA,0.037,NA,NA,NA,NA,NA,0.379,NA,NA,NA,NA,NA,NA,552,NA,NA,NA,NA,NA,0,NA,NA,NA,NA,NA,NA,108,NA,NA,NA,NA,NA,29,NA,NA,NA,NA,NA,NA,4,NA,NA,NA,NA,NA,11,NA,NA,NA,NA,NA,Blood_smear + ICT,2,age + location + year + MDA round,"Unclear how ICT was performed in baseline survey, no details provided in paper, sample sizes very odd"
UGA0007LF,3519,LF4233UG,Africa,Eastern Africa,AFRO/EMRO,UG,Uganda,253,LANGO,0,Dokolo,0,Location,Adyangoto B,1,1.778977,33.046462,Postintervention,Country,No,2010-on,2010,2010,6,Mapping survey,Wuchereria bancrofti,Both,Adults/Children,0,99,"Ashton RA, Kyabayinze DJ, Opio T, Auma A, Edwards T, Matwale G, Onapa A, Brooker S and Kolaczinski JH",Published paper,2011,Yes,The impact of mass drug administration and long-lasting insecticidal net distribution on Wuchereria bancrofti infection in humans and mosquitoes: an observational study in northern Uganda,NA,20,NA,NA,NA,NA,NA,100,NA,NA,NA,NA,NA,NA,0.167,NA,NA,NA,NA,NA,0.069,NA,NA,NA,NA,NA,NA,58,NA,NA,NA,NA,NA,0,NA,NA,NA,NA,NA,NA,12,NA,NA,NA,NA,NA,174,NA,NA,NA,NA,NA,NA,2,NA,NA,NA,NA,NA,12,NA,NA,NA,NA,NA,Blood_smear + ICT,2,age + location + year + MDA round,MF measurements only done for people who tested positive by ICT
UGA0007LF,3520,LF4234UG,Africa,Eastern Africa,AFRO/EMRO,UG,Uganda,253,LANGO,0,Dokolo,0,Location,Akabi,1,1.79394,33.043292,Postintervention,Country,No,2010-on,2010,2010,6,Mapping survey,Wuchereria bancrofti,Both,Adults/Children,0,99,"Ashton RA, Kyabayinze DJ, Opio T, Auma A, Edwards T, Matwale G, Onapa A, Brooker S and Kolaczinski JH",Published paper,2011,Yes,The impact of mass drug administration and long-lasting insecticidal net distribution on Wuchereria bancrofti infection in humans and mosquitoes: an observational study in northern Uganda,NA,20,NA,NA,NA,NA,NA,100,NA,NA,NA,NA,NA,NA,0,NA,NA,NA,NA,NA,0.064,NA,NA,NA,NA,NA,NA,0,NA,NA,NA,NA,NA,0,NA,NA,NA,NA,NA,NA,7,NA,NA,NA,NA,NA,141,NA,NA,NA,NA,NA,NA,0,NA,NA,NA,NA,NA,9,NA,NA,NA,NA,NA,Blood_smear + ICT,2,age + location + year + MDA round,MF measurements only done for people who tested positive by ICT
UGA0007LF,3521,LF4235UG,Africa,Eastern Africa,AFRO/EMRO,UG,Uganda,253,LANGO,0,Dokolo,0,Location,Okwor,1,1.770537,33.008355,Postintervention,Country,No,2010-on,2010,2010,6,Mapping survey,Wuchereria bancrofti,Both,Adults/Children,0,99,"Ashton RA, Kyabayinze DJ, Opio T, Auma A, Edwards T, Matwale G, Onapa A, Brooker S and Kolaczinski JH",Published paper,2011,Yes,The impact of mass drug administration and long-lasting insecticidal net distribution on Wuchereria bancrofti infection in humans and mosquitoes: an observational study in northern Uganda,NA,20,NA,NA,NA,NA,NA,100,NA,NA,NA,NA,NA,NA,0,NA,NA,NA,NA,NA,0.027,NA,NA,NA,NA,NA,NA,0,NA,NA,NA,NA,NA,0,NA,NA,NA,NA,NA,NA,4,NA,NA,NA,NA,NA,149,NA,NA,NA,NA,NA,NA,0,NA,NA,NA,NA,NA,4,NA,NA,NA,NA,NA,Blood_smear + ICT,2,age + location + year + MDA round,MF measurements only done for people who tested positive by ICT
UGA0007LF,3522,LF4236UG,Africa,Eastern Africa,AFRO/EMRO,UG,Uganda,253,LANGO,0,Dokolo,0,Location,Aridi,1,1.755632,33.005827,Postintervention,Country,No,2010-on,2010,2010,6,Mapping survey,Wuchereria bancrofti,Both,Adults/Children,0,99,"Ashton RA, Kyabayinze DJ, Opio T, Auma A, Edwards T, Matwale G, Onapa A, Brooker S and Kolaczinski JH",Published paper,2011,Yes,The impact of mass drug administration and long-lasting insecticidal net distribution on Wuchereria bancrofti infection in humans and mosquitoes: an observational study in northern Uganda,NA,20,NA,NA,NA,NA,NA,100,NA,NA,NA,NA,NA,NA,0.2,NA,NA,NA,NA,NA,0.034,NA,NA,NA,NA,NA,NA,260,NA,NA,NA,NA,NA,0,NA,NA,NA,NA,NA,NA,5,NA,NA,NA,NA,NA,178,NA,NA,NA,NA,NA,NA,1,NA,NA,NA,NA,NA,6,NA,NA,NA,NA,NA,Blood_smear + ICT,2,age + location + year + MDA round,MF measurements only done for people who tested positive by ICT
UGA0007LF,3523,LF4237UG,Africa,Eastern Africa,AFRO/EMRO,UG,Uganda,253,LANGO,0,Dokolo,0,Location,Alwar,1,1.768448,33.02452,Postintervention,Country,No,2010-on,2010,2010,6,Mapping survey,Wuchereria bancrofti,Both,Adults/Children,0,99,"Ashton RA, Kyabayinze DJ, Opio T, Auma A, Edwards T, Matwale G, Onapa A, Brooker S and Kolaczinski JH",Published paper,2011,Yes,The impact of mass drug administration and long-lasting insecticidal net distribution on Wuchereria bancrofti infection in humans and mosquitoes: an observational study in northern Uganda,NA,20,NA,NA,NA,NA,NA,100,NA,NA,NA,NA,NA,NA,0,NA,NA,NA,NA,NA,0.005,NA,NA,NA,NA,NA,NA,0,NA,NA,NA,NA,NA,0,NA,NA,NA,NA,NA,NA,1,NA,NA,NA,NA,NA,221,NA,NA,NA,NA,NA,NA,0,NA,NA,NA,NA,NA,1,NA,NA,NA,NA,NA,Blood_smear + ICT,2,age + location + year + MDA round,MF measurements only done for people who tested positive by ICT
UGA0007LF,3524,LF4238UG,Africa,Eastern Africa,AFRO/EMRO,UG,Uganda,253,LANGO,0,Dokolo,0,Location,Acapii,1,1.772954,33.017566,Postintervention,Country,No,2010-on,2010,2010,6,Mapping survey,Wuchereria bancrofti,Both,Adults/Children,0,99,"Ashton RA, Kyabayinze DJ, Opio T, Auma A, Edwards T, Matwale G, Onapa A, Brooker S and Kolaczinski JH",Published paper,2011,Yes,The impact of mass drug administration and long-lasting insecticidal net distribution on Wuchereria bancrofti infection in humans and mosquitoes: an observational study in northern Uganda,NA,20,NA,NA,NA,NA,NA,100,NA,NA,NA,NA,NA,NA,0,NA,NA,NA,NA,NA,0.022,NA,NA,NA,NA,NA,NA,0,NA,NA,NA,NA,NA,0,NA,NA,NA,NA,NA,NA,4,NA,NA,NA,NA,NA,182,NA,NA,NA,NA,NA,NA,0,NA,NA,NA,NA,NA,4,NA,NA,NA,NA,NA,Blood_smear + ICT,2,age + location + year + MDA round,MF measurements only done for people who tested positive by ICT
UGA0007LF,3525,LF4239UG,Africa,Eastern Africa,AFRO/EMRO,UG,Uganda,253,LANGO,0,Dokolo,0,Location,Adyangoto A,1,1.749516,33.014415,Postintervention,Country,No,2010-on,2010,2010,6,Mapping survey,Wuchereria bancrofti,Both,Adults/Children,0,99,"Ashton RA, Kyabayinze DJ, Opio T, Auma A, Edwards T, Matwale G, Onapa A, Brooker S and Kolaczinski JH",Published paper,2011,Yes,The impact of mass drug administration and long-lasting insecticidal net distribution on Wuchereria bancrofti infection in humans and mosquitoes: an observational study in northern Uganda,NA,20,NA,NA,NA,NA,NA,100,NA,NA,NA,NA,NA,NA,0.3,NA,NA,NA,NA,NA,0.048,NA,NA,NA,NA,NA,NA,66,NA,NA,NA,NA,NA,0,NA,NA,NA,NA,NA,NA,10,NA,NA,NA,NA,NA,249,NA,NA,NA,NA,NA,NA,3,NA,NA,NA,NA,NA,12,NA,NA,NA,NA,NA,Blood_smear + ICT,2,age + location + year + MDA round,MF measurements only done for people who tested positive by ICT
WSM0007LF,6401,LF7886WS,Oceania,Western Pacific,WPRO,WS,Samoa,212,Administrative unit not available,2618,Administrative unit not available,25301,Location,Siufaga,1,-13.902742,-172.036114,Postintervention,Country,No,2000-2010,2007,2007,6,Mapping survey,Wuchereria bancrofti,Both,Adults/Children,0,0,"Joseph H, Maiava F, Naseri T, Silva U, Lammie P and Melrose W",Published paper,2011,Yes,Epidemiological assessment of continuing transmission of lymphatic filariasis in Samoa,NA,0,NA,NA,NA,NA,NA,0,NA,NA,NA,NA,NA,NA,0,NA,NA,NA,NA,NA,0,NA,NA,NA,NA,NA,NA,0,NA,NA,NA,NA,NA,0,NA,NA,NA,NA,NA,NA,0,NA,NA,NA,NA,NA,0,NA,NA,NA,NA,NA,NA,0,NA,NA,NA,NA,NA,0,NA,NA,NA,NA,NA,Blood_smear + ICT,2,age + location + year,this village was thought to have been 0 prevalence but this study found otherwise. Highly likely that this was a measurement error.
