"","pop_id","Record_ID","CONTINENT","REGION","WHO_region","ISO_CTRY","ADM0","ADM0_ID","ADM1","ADM1_ID","ADM2","ADM2_ID","TypeSite","Site_name","Precision","Latitude","Longitude","PoT","Coverage","Trial","TimePeriod","Year_start","Year_end","N_rounds","Method_0","LF_species","Sex","Age_Range","Age_start","Age_end","Library_ID","Author","Source","Year","Approval","Reference","Blood_volu_Any_clinic","Blood_volu_Blood_smear","Blood_volu_Brugia_Rapid","Blood_volu_Chamber","Blood_volu_ELISA","Blood_volu_Filtration","Blood_volu_Hydrocele","Blood_volu_ICT","Blood_volu_IFI","Blood_volu_Knott","Blood_volu_Lymphedema","Blood_volu_New_rapid_test","Blood_volu_PCR","pop_Any_clinic","pop_Blood_smear","pop_Brugia_Rapid","pop_Chamber","pop_ELISA","pop_Filtration","pop_Hydrocele","pop_ICT","pop_IFI","pop_Knott","pop_Lymphedema","pop_New_rapid_test","pop_PCR","np_Any_clinic","np_Blood_smear","np_Brugia_Rapid","np_Chamber","np_ELISA","np_Filtration","np_Hydrocele","np_ICT","np_IFI","np_Knott","np_Lymphedema","np_New_rapid_test","np_PCR","prev_Any_clinic","prev_Blood_smear","prev_Brugia_Rapid","prev_Chamber","prev_ELISA","prev_Filtration","prev_Hydrocele","prev_ICT","prev_IFI","prev_Knott","prev_Lymphedema","prev_New_rapid_test","prev_PCR","density_Any_clinic","density_Blood_smear","density_Brugia_Rapid","density_Chamber","density_ELISA","density_Filtration","density_Hydrocele","density_ICT","density_IFI","density_Knott","density_Lymphedema","density_New_rapid_test","density_PCR","diagnostics","num_diagnostics","record_ids"
"1",1832,"LF2038KE","Africa","Eastern Africa","AFRO/EMRO","KE","Kenya",133,"Coast",51326,"Kwale",51341,"Location","Kingwede",1,-4.50337,39.459801,"Preintervention","No","No","1990-2000",1998,1998,0,"Mapping survey","Wuchereria bancrofti","Both","Adults/Children",1,99,"KEN0013LF","Simonsen PE, Meyrowitsch DW, Jaoko WG, Malecela MN, Mukoko D, Pedersen EM, Ouma JH, Rwegoshora RT, Masese N, Magnussen P, Estambale BB and Michael E","Published paper",2002,"Yes","Bancroftian filariasis infection, disease, and specific antibody response patterns in a high and a low endemicity community in East Africa",NA,100,NA,NA,NA,NA,0,100,NA,NA,0,NA,NA,NA,1013,NA,NA,NA,NA,177,1013,NA,NA,436,NA,NA,NA,27,NA,NA,NA,NA,9,167,NA,NA,4,NA,NA,NA,0.027,NA,NA,NA,NA,0.051,0.165,NA,NA,0.009,NA,NA,NA,174,NA,NA,NA,NA,0,0,NA,NA,0,NA,NA,"Blood_smear + ICT + Hydrocele + Lymphedema",4,"LF2038KE"
"2",1937,"LF2148KE","Africa","Eastern Africa","AFRO/EMRO","KE","Kenya",257,"Coast",51326,"Kwale",51341,"Location","Kingwede",1,-4.50337,39.459801,"Preintervention","No","No","1990-2000",1998,1998,0,"Mapping survey","Wuchereria bancrofti","Both","Adults/Children",1,99,"KEN0013LF","Simonsen PE, Meyrowitsch DW, Jaoko WG, Malecela MN, Mukoko D, Pedersen EM, Ouma JH, Rwegoshora RT, Masese N, Magnussen P, Estambale BB and Michael E","Published paper",2002,"Yes","Bancroftian filariasis infection, disease, and specific antibody response patterns in a high and a low endemicity community in East Africa",0,100,NA,NA,5000,NA,0,NA,NA,NA,0,NA,NA,863,825,NA,NA,770,NA,376,NA,NA,NA,863,NA,NA,61,22,NA,NA,127,NA,7,NA,NA,NA,3,NA,NA,0.071,0.027,NA,NA,0.165,NA,0.019,NA,NA,NA,0.003,NA,NA,0,174,NA,NA,0,NA,0,NA,NA,NA,0,NA,NA,"Blood_smear + ELISA + Hydrocele + Lymphedema + Any_clinic",5,"LF2148KE"
"3",3054,"LF3678TZ","Africa","Eastern Africa","AFRO/EMRO","TZ","Tanzania",257,"Pwani",48373,"Rufiji",48471,"Area","Lower Rufiji Basin",1,-8,39.333333,"Preintervention","No","No","before 1990",1981,1981,0,"Mapping survey","Wuchereria bancrofti","Both","Adults/Children",1,99,"TZA0012LF","Matola YG","Published paper",1985,"Yes","Prospects of human malaria and Bancroftian filariasis infections in the Lower Rufiji Basin, Tanzania II. Bancroftian filariasis",NA,100,NA,NA,NA,NA,0,NA,NA,NA,0,NA,NA,NA,1947,NA,NA,NA,NA,1156,NA,NA,NA,2168,NA,NA,NA,392,NA,NA,NA,NA,187,NA,NA,NA,9,NA,NA,NA,0.201,NA,NA,NA,NA,0.162,NA,NA,NA,0.004,NA,NA,NA,163,NA,NA,NA,NA,0,NA,NA,NA,0,NA,NA,"Blood_smear + Hydrocele + Lymphedema",3,"LF3678TZ"
"4",3064,"LF3688TZ","Africa","Eastern Africa","AFRO/EMRO","TZ","Tanzania",257,"Pwani",48373,"Rufiji",48471,"Area","Lower Rufiji Basin",1,-8,39.333333,"Preintervention","No","No","before 1990",1981,1981,0,"Mapping survey","Wuchereria bancrofti","Both","Adults/Children",1,99,"TZA0012LF","Matola YG","Published paper",1985,"Yes","Prospects of human malaria and Bancroftian filariasis infections in the Lower Rufiji Basin, Tanzania II. Bancroftian filariasis",NA,100,NA,NA,NA,NA,0,NA,NA,NA,0,NA,NA,NA,1813,NA,NA,NA,NA,755,NA,NA,NA,1574,NA,NA,NA,277,NA,NA,NA,NA,74,NA,NA,NA,14,NA,NA,NA,0.153,NA,NA,NA,NA,0.098,NA,NA,NA,0.009,NA,NA,NA,122,NA,NA,NA,NA,0,NA,NA,NA,0,NA,NA,"Blood_smear + Hydrocele + Lymphedema",3,"LF3688TZ"
"5",3158,"LF3851TZ","Africa","Eastern Africa","AFRO/EMRO","TZ","Tanzania",257,"Unguja South",48379,"South District",48510,"Location","Makunduchi",1,-6.27152,39.50201,"Preintervention","No","No","before 1990",1988,1988,0,"Mapping survey","Wuchereria bancrofti","Both","Adults/Children",2,99,"TZA0013LF","Maxwell CA, Curtis CF, Haji H, Kisumku S, Thalib AI and Yahya SA","Published paper",1990,"Yes","Control of Bancroftian filariasis by integrating therapy with vector control using polystyrene beads in wet pit latrines",NA,100,NA,NA,NA,NA,NA,NA,NA,NA,NA,NA,NA,NA,655,NA,NA,NA,NA,NA,NA,NA,NA,NA,NA,NA,NA,324,NA,NA,NA,NA,NA,NA,NA,NA,NA,NA,NA,NA,0.495,NA,NA,NA,NA,NA,NA,NA,NA,NA,NA,NA,NA,30.21,NA,NA,NA,NA,NA,NA,NA,NA,NA,NA,NA,"Blood_smear",1,"LF3851TZ"
"6",3159,"LF3852TZ","Africa","Eastern Africa","AFRO/EMRO","TZ","Tanzania",257,"Unguja South",48379,"South District",48510,"Location","Makunduchi",1,-6.27152,39.50201,"Preintervention","No","No","before 1990",1988,1988,0,"Mapping survey","Wuchereria bancrofti","Both","Adults/Children",2,99,"TZA0013LF","Maxwell CA, Curtis CF, Haji H, Kisumku S, Thalib AI and Yahya SA","Published paper",1990,"Yes","Control of Bancroftian filariasis by integrating therapy with vector control using polystyrene beads in wet pit latrines",NA,100,NA,NA,NA,NA,NA,NA,NA,NA,NA,NA,NA,NA,669,NA,NA,NA,NA,NA,NA,NA,NA,NA,NA,NA,NA,70,NA,NA,NA,NA,NA,NA,NA,NA,NA,NA,NA,NA,0.105,NA,NA,NA,NA,NA,NA,NA,NA,NA,NA,NA,NA,3.77,NA,NA,NA,NA,NA,NA,NA,NA,NA,NA,NA,"Blood_smear",1,"LF3852TZ"
"7",3160,"LF3853TZ","Africa","Eastern Africa","AFRO/EMRO","TZ","Tanzania",257,"Unguja South",48379,"South District",48510,"Location","Makunduchi",1,-6.27152,39.50201,"Preintervention","No","No","before 1990",1989,1989,0,"Mapping survey","Wuchereria bancrofti","Both","Adults/Children",2,99,"TZA0013LF","Maxwell CA, Curtis CF, Haji H, Kisumku S, Thalib AI and Yahya SA","Published paper",1990,"Yes","Control of Bancroftian filariasis by integrating therapy with vector control using polystyrene beads in wet pit latrines",NA,100,NA,NA,NA,NA,NA,NA,NA,NA,NA,NA,NA,NA,646,NA,NA,NA,NA,NA,NA,NA,NA,NA,NA,NA,NA,61,NA,NA,NA,NA,NA,NA,NA,NA,NA,NA,NA,NA,0.094,NA,NA,NA,NA,NA,NA,NA,NA,NA,NA,NA,NA,3.61,NA,NA,NA,NA,NA,NA,NA,NA,NA,NA,NA,"Blood_smear",1,"LF3853TZ"
"8",3814,"LF4565CR","Americas","Central America","AMRO","CR","Costa Rica",61,"Limon",985,"Limon",14515,"Location","Puerto Limon",1,9.99091,-83.028976,"Preintervention","No","No","before 1990",1976,1976,0,"Mapping survey","Wuchereria bancrofti","Both","Adults/Children",1,99,"CRI0002LF","Weinstock H, Paniagua F, Garc??s JL, Z????iga A, Granados C and Hern?índez E","Published paper",1977,"Yes","Bancroftian Filariasis in Puerto Lim??n, Costa Rica",NA,NA,NA,NA,NA,NA,NA,NA,NA,1000,NA,NA,NA,NA,NA,NA,NA,NA,NA,NA,NA,NA,1142,NA,NA,NA,NA,NA,NA,NA,NA,NA,NA,NA,NA,25,NA,NA,NA,NA,NA,NA,NA,NA,NA,NA,NA,NA,0.022,NA,NA,NA,NA,NA,NA,NA,NA,NA,NA,NA,NA,0,NA,NA,NA,"Knott",1,"LF4565CR"
"9",3815,"LF4566CR","Americas","Central America","AMRO","CR","Costa Rica",61,"Limon",985,"Limon",14515,"Location","Puerto Limon",1,9.99091,-83.028976,"Preintervention","No","No","before 1990",1976,1976,0,"Mapping survey","Wuchereria bancrofti","Both","Adults/Children",1,99,"CRI0002LF","Weinstock H, Paniagua F, Garc??s JL, Z????iga A, Granados C and Hern?índez E","Published paper",1977,"Yes","Bancroftian Filariasis in Puerto Lim??n, Costa Rica",NA,NA,NA,NA,NA,NA,NA,NA,NA,1000,NA,NA,NA,NA,NA,NA,NA,NA,NA,NA,NA,NA,1196,NA,NA,NA,NA,NA,NA,NA,NA,NA,NA,NA,NA,39,NA,NA,NA,NA,NA,NA,NA,NA,NA,NA,NA,NA,0.033,NA,NA,NA,NA,NA,NA,NA,NA,NA,NA,NA,NA,0,NA,NA,NA,"Knott",1,"LF4566CR"
"10",3862,"LF4620GY","Americas","South America","AMRO","GY","Guyana",107,"Demerara Mahaica (region N4)",1400,"Moblissa/la Reconnaissance",17145,"Location","Georgetown",1,6.80855,-58.161251,"Preintervention","No","No","before 1990",1945,1948,0,"Mapping survey","Wuchereria bancrofti","Both","Adults/Children",0,0,"GUY0001LF","Grace AW, Grace FB and Warren S","Published paper",1932,"Yes","The Parallel Incidence of Filaria Bancrofti and the ?-Haemolytic Streptococcus in Certain Tropical Countries",NA,0,NA,NA,NA,NA,NA,NA,NA,NA,NA,NA,NA,NA,6329,NA,NA,NA,NA,NA,NA,NA,NA,NA,NA,NA,NA,876,NA,NA,NA,NA,NA,NA,NA,NA,NA,NA,NA,NA,0.138,NA,NA,NA,NA,NA,NA,NA,NA,NA,NA,NA,NA,0,NA,NA,NA,NA,NA,NA,NA,NA,NA,NA,NA,"Blood_smear",1,"LF4620GY"
"11",3863,"LF4621GY","Americas","South America","AMRO","GY","Guyana",107,"Demerara Mahaica (region N4)",1400,"Moblissa/la Reconnaissance",17145,"Location","Georgetown",1,6.80855,-58.161251,"Preintervention","No","No","before 1990",1945,1948,0,"Mapping survey","Wuchereria bancrofti","Both","Adults/Children",0,0,"GUY0001LF","Grace AW, Grace FB and Warren S","Published paper",1932,"Yes","The Parallel Incidence of Filaria Bancrofti and the ?-Haemolytic Streptococcus in Certain Tropical Countries",NA,0,NA,NA,NA,NA,NA,NA,NA,NA,NA,NA,NA,NA,3671,NA,NA,NA,NA,NA,NA,NA,NA,NA,NA,NA,NA,696,NA,NA,NA,NA,NA,NA,NA,NA,NA,NA,NA,NA,0.19,NA,NA,NA,NA,NA,NA,NA,NA,NA,NA,NA,NA,0,NA,NA,NA,NA,NA,NA,NA,NA,NA,NA,NA,"Blood_smear",1,"LF4621GY"
"12",3866,"LF4624GY","Americas","South America","AMRO","GY","Guyana",107,"Demerara Mahaica (region N4)",1400,"Moblissa/la Reconnaissance",17145,"Location","Lusignan (plantation)",1,6.76975,-58.043598,"Preintervention","No","No","before 1990",1945,1948,0,"Mapping survey","Wuchereria bancrofti","Both","Adults/Children",0,0,"GUY0001LF","Grace AW, Grace FB and Warren S","Published paper",1932,"Yes","The Parallel Incidence of Filaria Bancrofti and the ?-Haemolytic Streptococcus in Certain Tropical Countries",NA,0,NA,NA,NA,NA,NA,NA,NA,NA,0,NA,NA,NA,846,NA,NA,NA,NA,NA,NA,NA,NA,846,NA,NA,NA,38,NA,NA,NA,NA,NA,NA,NA,NA,15,NA,NA,NA,0.045,NA,NA,NA,NA,NA,NA,NA,NA,0.018,NA,NA,NA,0,NA,NA,NA,NA,NA,NA,NA,NA,0,NA,NA,"Blood_smear + Lymphedema",2,"LF4624GY"
"13",3956,"LF4720PR","Americas","Caribbean","AMRO","PR","Puerto Rico",181,"San Juan",2389,"San Juan",2389,"Location","Santurce",1,18.4547,-66.064583,"Preintervention","No","No","before 1990",1927,1927,0,"Mapping survey","Wuchereria bancrofti","Both","Children",0,0,"PRI0001LF","Addiss D and Chuke S","Report",2002,"Yes","Lymphatic filariasis in the Americas: an epidemiologic history",NA,0,NA,NA,NA,NA,NA,NA,NA,NA,NA,NA,NA,NA,279,NA,NA,NA,NA,NA,NA,NA,NA,NA,NA,NA,NA,28,NA,NA,NA,NA,NA,NA,NA,NA,NA,NA,NA,NA,0.1,NA,NA,NA,NA,NA,NA,NA,NA,NA,NA,NA,NA,0,NA,NA,NA,NA,NA,NA,NA,NA,NA,NA,NA,"Blood_smear",1,"LF4720PR"
"14",3957,"LF4721PR","Americas","Caribbean","AMRO","PR","Puerto Rico",181,"San Juan",2389,"San Juan",2389,"Location","Santurce",1,18.4547,-66.064583,"Preintervention","No","No","before 1990",1927,1927,0,"Mapping survey","Wuchereria bancrofti","Both","Children",0,0,"PRI0001LF","Addiss D and Chuke S","Report",2002,"Yes","Lymphatic filariasis in the Americas: an epidemiologic history",NA,0,NA,NA,NA,NA,NA,NA,NA,NA,NA,NA,NA,NA,313,NA,NA,NA,NA,NA,NA,NA,NA,NA,NA,NA,NA,12,NA,NA,NA,NA,NA,NA,NA,NA,NA,NA,NA,NA,0.038,NA,NA,NA,NA,NA,NA,NA,NA,NA,NA,NA,NA,0,NA,NA,NA,NA,NA,NA,NA,NA,NA,NA,NA,"Blood_smear",1,"LF4721PR"
"15",3958,"LF4722PR","Americas","Caribbean","AMRO","PR","Puerto Rico",181,"San Juan",2389,"San Juan",2389,"Location","Condado",1,18.455523,-66.069038,"Preintervention","No","No","before 1990",1927,1927,0,"Mapping survey","Wuchereria bancrofti","Both","Children",0,0,"PRI0001LF","Addiss D and Chuke S","Report",2002,"Yes","Lymphatic filariasis in the Americas: an epidemiologic history",NA,0,NA,NA,NA,NA,NA,NA,NA,NA,NA,NA,NA,NA,50,NA,NA,NA,NA,NA,NA,NA,NA,NA,NA,NA,NA,2,NA,NA,NA,NA,NA,NA,NA,NA,NA,NA,NA,NA,0.04,NA,NA,NA,NA,NA,NA,NA,NA,NA,NA,NA,NA,0,NA,NA,NA,NA,NA,NA,NA,NA,NA,NA,NA,"Blood_smear",1,"LF4722PR"
"16",3959,"LF4723PR","Americas","Caribbean","AMRO","PR","Puerto Rico",181,"San Juan",2389,"San Juan",2389,"Location","Santurce",1,18.4547,-66.064583,"Preintervention","No","No","before 1990",1927,1927,0,"Mapping survey","Wuchereria bancrofti","Both","Children",0,0,"PRI0001LF","Addiss D and Chuke S","Report",2002,"Yes","Lymphatic filariasis in the Americas: an epidemiologic history",NA,0,NA,NA,NA,NA,NA,NA,NA,NA,NA,NA,NA,NA,63,NA,NA,NA,NA,NA,NA,NA,NA,NA,NA,NA,NA,5,NA,NA,NA,NA,NA,NA,NA,NA,NA,NA,NA,NA,0.079,NA,NA,NA,NA,NA,NA,NA,NA,NA,NA,NA,NA,0,NA,NA,NA,NA,NA,NA,NA,NA,NA,NA,NA,"Blood_smear",1,"LF4723PR"
"17",3960,"LF4724PR","Americas","Caribbean","AMRO","PR","Puerto Rico",181,"San German",2388,"San German",2388,"Location","San German",1,18.08132,-67.041611,"Preintervention","No","No","before 1990",1927,1927,0,"Mapping survey","Wuchereria bancrofti","Both","Children",0,0,"PRI0001LF","Addiss D and Chuke S","Report",2002,"Yes","Lymphatic filariasis in the Americas: an epidemiologic history",NA,0,NA,NA,NA,NA,NA,NA,NA,NA,NA,NA,NA,NA,114,NA,NA,NA,NA,NA,NA,NA,NA,NA,NA,NA,NA,2,NA,NA,NA,NA,NA,NA,NA,NA,NA,NA,NA,NA,0.018,NA,NA,NA,NA,NA,NA,NA,NA,NA,NA,NA,NA,0,NA,NA,NA,NA,NA,NA,NA,NA,NA,NA,NA,"Blood_smear",1,"LF4724PR"
"18",3961,"LF4725PR","Americas","Caribbean","AMRO","PR","Puerto Rico",181,"Mayaguez",2374,"Mayaguez",2374,"Location","Mayaguez",1,18.20368,-67.146896,"Preintervention","No","No","before 1990",1927,1927,0,"Mapping survey","Wuchereria bancrofti","Both","Children",0,0,"PRI0001LF","Addiss D and Chuke S","Report",2002,"Yes","Lymphatic filariasis in the Americas: an epidemiologic history",NA,0,NA,NA,NA,NA,NA,NA,NA,NA,NA,NA,NA,NA,120,NA,NA,NA,NA,NA,NA,NA,NA,NA,NA,NA,NA,11,NA,NA,NA,NA,NA,NA,NA,NA,NA,NA,NA,NA,0.092,NA,NA,NA,NA,NA,NA,NA,NA,NA,NA,NA,NA,0,NA,NA,NA,NA,NA,NA,NA,NA,NA,NA,NA,"Blood_smear",1,"LF4725PR"
"19",3962,"LF4726PR","Americas","Caribbean","AMRO","PR","Puerto Rico",181,"Aguadilla",2326,"Aguadilla",2326,"Location","Aguadilla",1,18.434601,-67.15519,"Preintervention","No","No","before 1990",1927,1927,0,"Mapping survey","Wuchereria bancrofti","Both","Adults/Children",0,0,"PRI0001LF","Addiss D and Chuke S","Report",2002,"Yes","Lymphatic filariasis in the Americas: an epidemiologic history",NA,0,NA,NA,NA,NA,NA,NA,NA,NA,NA,NA,NA,NA,400,NA,NA,NA,NA,NA,NA,NA,NA,NA,NA,NA,NA,30,NA,NA,NA,NA,NA,NA,NA,NA,NA,NA,NA,NA,0.075,NA,NA,NA,NA,NA,NA,NA,NA,NA,NA,NA,NA,0,NA,NA,NA,NA,NA,NA,NA,NA,NA,NA,NA,"Blood_smear",1,"LF4726PR"
"20",3963,"LF4727PR","Americas","Caribbean","AMRO","PR","Puerto Rico",181,"San Sebasti?ín",2391,"San Sebasti?ín",2391,"Location","San Sebastian",1,18.33683,-66.990143,"Preintervention","No","No","before 1990",1927,1927,0,"Mapping survey","Wuchereria bancrofti","Both","Adults/Children",0,0,"PRI0001LF","Addiss D and Chuke S","Report",2002,"Yes","Lymphatic filariasis in the Americas: an epidemiologic history",NA,0,NA,NA,NA,NA,NA,NA,NA,NA,NA,NA,NA,NA,120,NA,NA,NA,NA,NA,NA,NA,NA,NA,NA,NA,NA,10,NA,NA,NA,NA,NA,NA,NA,NA,NA,NA,NA,NA,0.083,NA,NA,NA,NA,NA,NA,NA,NA,NA,NA,NA,NA,0,NA,NA,NA,NA,NA,NA,NA,NA,NA,NA,NA,"Blood_smear",1,"LF4727PR"
"21",3964,"LF4728PR","Americas","Caribbean","AMRO","PR","Puerto Rico",181,"Manati",2370,"Manati",2370,"Location","Manati",1,18.43054,-66.484848,"Preintervention","No","No","before 1990",1927,1927,0,"Mapping survey","Wuchereria bancrofti","Both","Adults/Children",0,0,"PRI0001LF","Addiss D and Chuke S","Report",2002,"Yes","Lymphatic filariasis in the Americas: an epidemiologic history",NA,0,NA,NA,NA,NA,NA,NA,NA,NA,NA,NA,NA,NA,57,NA,NA,NA,NA,NA,NA,NA,NA,NA,NA,NA,NA,2,NA,NA,NA,NA,NA,NA,NA,NA,NA,NA,NA,NA,0.035,NA,NA,NA,NA,NA,NA,NA,NA,NA,NA,NA,NA,0,NA,NA,NA,NA,NA,NA,NA,NA,NA,NA,NA,"Blood_smear",1,"LF4728PR"
"22",3965,"LF4729PR","Americas","Caribbean","AMRO","PR","Puerto Rico",181,"Bayamon",2334,"Bayamon",2334,"Location","Hatos Tejas (Bayamon)",1,18.405821,-66.190178,"Preintervention","No","No","before 1990",1927,1927,0,"Mapping survey","Wuchereria bancrofti","Both","Adults/Children",0,0,"PRI0001LF","Addiss D and Chuke S","Report",2002,"Yes","Lymphatic filariasis in the Americas: an epidemiologic history",NA,0,NA,NA,NA,NA,NA,NA,NA,NA,NA,NA,NA,NA,112,NA,NA,NA,NA,NA,NA,NA,NA,NA,NA,NA,NA,11,NA,NA,NA,NA,NA,NA,NA,NA,NA,NA,NA,NA,0.098,NA,NA,NA,NA,NA,NA,NA,NA,NA,NA,NA,NA,0,NA,NA,NA,NA,NA,NA,NA,NA,NA,NA,NA,"Blood_smear",1,"LF4729PR"
"23",3966,"LF4730PR","Americas","Caribbean","AMRO","PR","Puerto Rico",181,"San Juan",2389,"San Juan",2389,"Location","Puerta de Tierra (San Juan)",1,18.464872,-66.092453,"Preintervention","No","No","before 1990",1927,1927,0,"Mapping survey","Wuchereria bancrofti","Both","Adults/Children",0,0,"PRI0001LF","Addiss D and Chuke S","Report",2002,"Yes","Lymphatic filariasis in the Americas: an epidemiologic history",NA,0,NA,NA,NA,NA,NA,NA,NA,NA,NA,NA,NA,NA,107,NA,NA,NA,NA,NA,NA,NA,NA,NA,NA,NA,NA,14,NA,NA,NA,NA,NA,NA,NA,NA,NA,NA,NA,NA,0.131,NA,NA,NA,NA,NA,NA,NA,NA,NA,NA,NA,NA,0,NA,NA,NA,NA,NA,NA,NA,NA,NA,NA,NA,"Blood_smear",1,"LF4730PR"
"24",3967,"LF4731PR","Americas","Caribbean","AMRO","PR","Puerto Rico",181,"Trujillo Alto",2395,"Trujillo Alto",2395,"Location","Trujillo Alto",1,18.35557,-66.004951,"Preintervention","No","No","before 1990",1927,1927,0,"Mapping survey","Wuchereria bancrofti","Both","Adults/Children",0,0,"PRI0001LF","Addiss D and Chuke S","Report",2002,"Yes","Lymphatic filariasis in the Americas: an epidemiologic history",NA,0,NA,NA,NA,NA,NA,NA,NA,NA,NA,NA,NA,NA,108,NA,NA,NA,NA,NA,NA,NA,NA,NA,NA,NA,NA,0,NA,NA,NA,NA,NA,NA,NA,NA,NA,NA,NA,NA,0,NA,NA,NA,NA,NA,NA,NA,NA,NA,NA,NA,NA,0,NA,NA,NA,NA,NA,NA,NA,NA,NA,NA,NA,"Blood_smear",1,"LF4731PR"
"25",3968,"LF4732PR","Americas","Caribbean","AMRO","PR","Puerto Rico",181,"Canovanas",2338,"Canovanas",2338,"Location","Loiza Nueva (Canovanas)",1,18.379168,-65.90139,"Preintervention","No","No","before 1990",1927,1927,0,"Mapping survey","Wuchereria bancrofti","Both","Adults/Children",0,0,"PRI0001LF","Addiss D and Chuke S","Report",2002,"Yes","Lymphatic filariasis in the Americas: an epidemiologic history",NA,0,NA,NA,NA,NA,NA,NA,NA,NA,NA,NA,NA,NA,49,NA,NA,NA,NA,NA,NA,NA,NA,NA,NA,NA,NA,3,NA,NA,NA,NA,NA,NA,NA,NA,NA,NA,NA,NA,0.061,NA,NA,NA,NA,NA,NA,NA,NA,NA,NA,NA,NA,0,NA,NA,NA,NA,NA,NA,NA,NA,NA,NA,NA,"Blood_smear",1,"LF4732PR"
"26",3969,"LF4733PR","Americas","Caribbean","AMRO","PR","Puerto Rico",181,"Mayaguez",2374,"Mayaguez",2374,"Location","Mayaguez",1,18.201111,-67.139725,"Preintervention","No","No","before 1990",1927,1927,0,"Mapping survey","Wuchereria bancrofti","Both","Adults/Children",0,0,"PRI0001LF","Addiss D and Chuke S","Report",2002,"Yes","Lymphatic filariasis in the Americas: an epidemiologic history",NA,0,NA,NA,NA,NA,NA,NA,NA,NA,NA,NA,NA,NA,153,NA,NA,NA,NA,NA,NA,NA,NA,NA,NA,NA,NA,14,NA,NA,NA,NA,NA,NA,NA,NA,NA,NA,NA,NA,0.092,NA,NA,NA,NA,NA,NA,NA,NA,NA,NA,NA,NA,0,NA,NA,NA,NA,NA,NA,NA,NA,NA,NA,NA,"Blood_smear",1,"LF4733PR"
"27",3970,"LF4734PR","Americas","Caribbean","AMRO","PR","Puerto Rico",181,"Fajardo",2350,"Fajardo",2350,"Location","Fajardo",1,18.328119,-65.65332,"Preintervention","No","No","before 1990",1927,1927,0,"Mapping survey","Wuchereria bancrofti","Both","Adults/Children",0,0,"PRI0001LF","Addiss D and Chuke S","Report",2002,"Yes","Lymphatic filariasis in the Americas: an epidemiologic history",NA,0,NA,NA,NA,NA,NA,NA,NA,NA,NA,NA,NA,NA,119,NA,NA,NA,NA,NA,NA,NA,NA,NA,NA,NA,NA,7,NA,NA,NA,NA,NA,NA,NA,NA,NA,NA,NA,NA,0.059,NA,NA,NA,NA,NA,NA,NA,NA,NA,NA,NA,NA,0,NA,NA,NA,NA,NA,NA,NA,NA,NA,NA,NA,"Blood_smear",1,"LF4734PR"
"28",3971,"LF4735PR","Americas","Caribbean","AMRO","PR","Puerto Rico",181,"Lares",2365,"Lares",2365,"Location","Lares",1,18.295,-66.878609,"Preintervention","No","No","before 1990",1927,1927,0,"Mapping survey","Wuchereria bancrofti","Both","Adults/Children",0,0,"PRI0001LF","Addiss D and Chuke S","Report",2002,"Yes","Lymphatic filariasis in the Americas: an epidemiologic history",NA,0,NA,NA,NA,NA,NA,NA,NA,NA,NA,NA,NA,NA,120,NA,NA,NA,NA,NA,NA,NA,NA,NA,NA,NA,NA,0,NA,NA,NA,NA,NA,NA,NA,NA,NA,NA,NA,NA,0,NA,NA,NA,NA,NA,NA,NA,NA,NA,NA,NA,NA,0,NA,NA,NA,NA,NA,NA,NA,NA,NA,NA,NA,"Blood_smear",1,"LF4735PR"
"29",3972,"LF4736PR","Americas","Caribbean","AMRO","PR","Puerto Rico",181,"Utuado",2396,"Utuado",2396,"Location","Utuado",1,18.266251,-66.704597,"Preintervention","No","No","before 1990",1927,1927,0,"Mapping survey","Wuchereria bancrofti","Both","Adults/Children",0,0,"PRI0001LF","Addiss D and Chuke S","Report",2002,"Yes","Lymphatic filariasis in the Americas: an epidemiologic history",NA,0,NA,NA,NA,NA,NA,NA,NA,NA,NA,NA,NA,NA,102,NA,NA,NA,NA,NA,NA,NA,NA,NA,NA,NA,NA,0,NA,NA,NA,NA,NA,NA,NA,NA,NA,NA,NA,NA,0,NA,NA,NA,NA,NA,NA,NA,NA,NA,NA,NA,NA,0,NA,NA,NA,NA,NA,NA,NA,NA,NA,NA,NA,"Blood_smear",1,"LF4736PR"
"30",3973,"LF4737PR","Americas","Caribbean","AMRO","PR","Puerto Rico",181,"Aibonito",2328,"Aibonito",2328,"Location","Aibonito",1,18.139999,-66.266113,"Preintervention","No","No","before 1990",1927,1927,0,"Mapping survey","Wuchereria bancrofti","Both","Adults/Children",0,0,"PRI0001LF","Addiss D and Chuke S","Report",2002,"Yes","Lymphatic filariasis in the Americas: an epidemiologic history",NA,0,NA,NA,NA,NA,NA,NA,NA,NA,NA,NA,NA,NA,101,NA,NA,NA,NA,NA,NA,NA,NA,NA,NA,NA,NA,3,NA,NA,NA,NA,NA,NA,NA,NA,NA,NA,NA,NA,0.03,NA,NA,NA,NA,NA,NA,NA,NA,NA,NA,NA,NA,0,NA,NA,NA,NA,NA,NA,NA,NA,NA,NA,NA,"Blood_smear",1,"LF4737PR"
"31",3974,"LF4738PR","Americas","Caribbean","AMRO","PR","Puerto Rico",181,"Comerio",2346,"Comerio",2346,"Location","Comerio",1,18.224724,-66.22184,"Preintervention","No","No","before 1990",1927,1927,0,"Mapping survey","Wuchereria bancrofti","Both","Adults/Children",0,0,"PRI0001LF","Addiss D and Chuke S","Report",2002,"Yes","Lymphatic filariasis in the Americas: an epidemiologic history",NA,0,NA,NA,NA,NA,NA,NA,NA,NA,NA,NA,NA,NA,150,NA,NA,NA,NA,NA,NA,NA,NA,NA,NA,NA,NA,2,NA,NA,NA,NA,NA,NA,NA,NA,NA,NA,NA,NA,0.013,NA,NA,NA,NA,NA,NA,NA,NA,NA,NA,NA,NA,0,NA,NA,NA,NA,NA,NA,NA,NA,NA,NA,NA,"Blood_smear",1,"LF4738PR"
"32",3975,"LF4739PR","Americas","Caribbean","AMRO","PR","Puerto Rico",181,"Cidra",2344,"Cidra",2344,"Location","Cidra",1,18.17539,-66.160583,"Preintervention","No","No","before 1990",1927,1927,0,"Mapping survey","Wuchereria bancrofti","Both","Adults/Children",0,0,"PRI0001LF","Addiss D and Chuke S","Report",2002,"Yes","Lymphatic filariasis in the Americas: an epidemiologic history",NA,0,NA,NA,NA,NA,NA,NA,NA,NA,NA,NA,NA,NA,148,NA,NA,NA,NA,NA,NA,NA,NA,NA,NA,NA,NA,6,NA,NA,NA,NA,NA,NA,NA,NA,NA,NA,NA,NA,0.041,NA,NA,NA,NA,NA,NA,NA,NA,NA,NA,NA,NA,0,NA,NA,NA,NA,NA,NA,NA,NA,NA,NA,NA,"Blood_smear",1,"LF4739PR"
"33",3976,"LF4740PR","Americas","Caribbean","AMRO","PR","Puerto Rico",181,"Agua Buenas",2327,"Agua Buenas",2327,"Location","Agua Buenas",1,18.257059,-66.105988,"Preintervention","No","No","before 1990",1927,1927,0,"Mapping survey","Wuchereria bancrofti","Both","Adults/Children",0,0,"PRI0001LF","Addiss D and Chuke S","Report",2002,"Yes","Lymphatic filariasis in the Americas: an epidemiologic history",NA,0,NA,NA,NA,NA,NA,NA,NA,NA,NA,NA,NA,NA,75,NA,NA,NA,NA,NA,NA,NA,NA,NA,NA,NA,NA,4,NA,NA,NA,NA,NA,NA,NA,NA,NA,NA,NA,NA,0.053,NA,NA,NA,NA,NA,NA,NA,NA,NA,NA,NA,NA,0,NA,NA,NA,NA,NA,NA,NA,NA,NA,NA,NA,"Blood_smear",1,"LF4740PR"
"34",3977,"LF4741PR","Americas","Caribbean","AMRO","PR","Puerto Rico",181,"Cayey",2341,"Cayey",2341,"Location","Cayey",1,18.114651,-66.16996,"Preintervention","No","No","before 1990",1927,1927,0,"Mapping survey","Wuchereria bancrofti","Both","Adults/Children",0,0,"PRI0001LF","Addiss D and Chuke S","Report",2002,"Yes","Lymphatic filariasis in the Americas: an epidemiologic history",NA,0,NA,NA,NA,NA,NA,NA,NA,NA,NA,NA,NA,NA,82,NA,NA,NA,NA,NA,NA,NA,NA,NA,NA,NA,NA,3,NA,NA,NA,NA,NA,NA,NA,NA,NA,NA,NA,NA,0.037,NA,NA,NA,NA,NA,NA,NA,NA,NA,NA,NA,NA,0,NA,NA,NA,NA,NA,NA,NA,NA,NA,NA,NA,"Blood_smear",1,"LF4741PR"
"35",3978,"LF4742PR","Americas","Caribbean","AMRO","PR","Puerto Rico",181,"Caguas",2336,"Caguas",2336,"Location","Caguas",1,18.22654,-66.03746,"Preintervention","No","No","before 1990",1927,1927,0,"Mapping survey","Wuchereria bancrofti","Both","Adults/Children",0,0,"PRI0001LF","Addiss D and Chuke S","Report",2002,"Yes","Lymphatic filariasis in the Americas: an epidemiologic history",NA,0,NA,NA,NA,NA,NA,NA,NA,NA,NA,NA,NA,NA,249,NA,NA,NA,NA,NA,NA,NA,NA,NA,NA,NA,NA,13,NA,NA,NA,NA,NA,NA,NA,NA,NA,NA,NA,NA,0.052,NA,NA,NA,NA,NA,NA,NA,NA,NA,NA,NA,NA,0,NA,NA,NA,NA,NA,NA,NA,NA,NA,NA,NA,"Blood_smear",1,"LF4742PR"
"36",3979,"LF4743PR","Americas","Caribbean","AMRO","PR","Puerto Rico",181,"San Lorenzo",2390,"San Lorenzo",2390,"Location","San Lorenzo",1,18.190001,-65.968613,"Preintervention","No","No","before 1990",1927,1927,0,"Mapping survey","Wuchereria bancrofti","Both","Adults/Children",0,0,"PRI0001LF","Addiss D and Chuke S","Report",2002,"Yes","Lymphatic filariasis in the Americas: an epidemiologic history",NA,0,NA,NA,NA,NA,NA,NA,NA,NA,NA,NA,NA,NA,98,NA,NA,NA,NA,NA,NA,NA,NA,NA,NA,NA,NA,6,NA,NA,NA,NA,NA,NA,NA,NA,NA,NA,NA,NA,0.061,NA,NA,NA,NA,NA,NA,NA,NA,NA,NA,NA,NA,0,NA,NA,NA,NA,NA,NA,NA,NA,NA,NA,NA,"Blood_smear",1,"LF4743PR"
"37",3980,"LF4744PR","Americas","Caribbean","AMRO","PR","Puerto Rico",181,"Gu?ínica",2352,"Gu?ínica",2352,"Location","Ensenada",1,17.969009,-66.933243,"Preintervention","No","No","before 1990",1927,1927,0,"Mapping survey","Wuchereria bancrofti","Both","Adults/Children",0,0,"PRI0001LF","Addiss D and Chuke S","Report",2002,"Yes","Lymphatic filariasis in the Americas: an epidemiologic history",NA,0,NA,NA,NA,NA,NA,NA,NA,NA,NA,NA,NA,NA,108,NA,NA,NA,NA,NA,NA,NA,NA,NA,NA,NA,NA,1,NA,NA,NA,NA,NA,NA,NA,NA,NA,NA,NA,NA,0.009,NA,NA,NA,NA,NA,NA,NA,NA,NA,NA,NA,NA,0,NA,NA,NA,NA,NA,NA,NA,NA,NA,NA,NA,"Blood_smear",1,"LF4744PR"
"38",3981,"LF4745PR","Americas","Caribbean","AMRO","PR","Puerto Rico",181,"Gu?ínica",2352,"Gu?ínica",2352,"Location","Guanica",1,17.971666,-66.908058,"Preintervention","No","No","before 1990",1927,1927,0,"Mapping survey","Wuchereria bancrofti","Both","Adults/Children",0,0,"PRI0001LF","Addiss D and Chuke S","Report",2002,"Yes","Lymphatic filariasis in the Americas: an epidemiologic history",NA,0,NA,NA,NA,NA,NA,NA,NA,NA,NA,NA,NA,NA,38,NA,NA,NA,NA,NA,NA,NA,NA,NA,NA,NA,NA,0,NA,NA,NA,NA,NA,NA,NA,NA,NA,NA,NA,NA,0,NA,NA,NA,NA,NA,NA,NA,NA,NA,NA,NA,NA,0,NA,NA,NA,NA,NA,NA,NA,NA,NA,NA,NA,"Blood_smear",1,"LF4745PR"
"39",3982,"LF4746PR","Americas","Caribbean","AMRO","PR","Puerto Rico",181,"Yauco",2402,"Yauco",2402,"Location","Yauco",1,18.033409,-66.84845,"Preintervention","No","No","before 1990",1927,1927,0,"Mapping survey","Wuchereria bancrofti","Both","Adults/Children",0,0,"PRI0001LF","Addiss D and Chuke S","Report",2002,"Yes","Lymphatic filariasis in the Americas: an epidemiologic history",NA,0,NA,NA,NA,NA,NA,NA,NA,NA,NA,NA,NA,NA,43,NA,NA,NA,NA,NA,NA,NA,NA,NA,NA,NA,NA,0,NA,NA,NA,NA,NA,NA,NA,NA,NA,NA,NA,NA,0,NA,NA,NA,NA,NA,NA,NA,NA,NA,NA,NA,NA,0,NA,NA,NA,NA,NA,NA,NA,NA,NA,NA,NA,"Blood_smear",1,"LF4746PR"
"40",3983,"LF4747PR","Americas","Caribbean","AMRO","PR","Puerto Rico",181,"Ponce",2382,"Ponce",2382,"Location","Ponce",1,18.01165,-66.614418,"Preintervention","No","No","before 1990",1927,1927,0,"Mapping survey","Wuchereria bancrofti","Both","Adults/Children",0,0,"PRI0001LF","Addiss D and Chuke S","Report",2002,"Yes","Lymphatic filariasis in the Americas: an epidemiologic history",NA,0,NA,NA,NA,NA,NA,NA,NA,NA,NA,NA,NA,NA,34,NA,NA,NA,NA,NA,NA,NA,NA,NA,NA,NA,NA,2,NA,NA,NA,NA,NA,NA,NA,NA,NA,NA,NA,NA,0.059,NA,NA,NA,NA,NA,NA,NA,NA,NA,NA,NA,NA,0,NA,NA,NA,NA,NA,NA,NA,NA,NA,NA,NA,"Blood_smear",1,"LF4747PR"
"41",3984,"LF4748PR","Americas","Caribbean","AMRO","PR","Puerto Rico",181,"Ponce",2382,"Ponce",2382,"Location","Central Mercedita",2,18.018259,-66.563782,"Preintervention","No","No","before 1990",1927,1927,0,"Mapping survey","Wuchereria bancrofti","Both","Adults/Children",0,0,"PRI0001LF","Addiss D and Chuke S","Report",2002,"Yes","Lymphatic filariasis in the Americas: an epidemiologic history",NA,0,NA,NA,NA,NA,NA,NA,NA,NA,NA,NA,NA,NA,18,NA,NA,NA,NA,NA,NA,NA,NA,NA,NA,NA,NA,1,NA,NA,NA,NA,NA,NA,NA,NA,NA,NA,NA,NA,0.056,NA,NA,NA,NA,NA,NA,NA,NA,NA,NA,NA,NA,0,NA,NA,NA,NA,NA,NA,NA,NA,NA,NA,NA,"Blood_smear",1,"LF4748PR"
"42",3985,"LF4749PR","Americas","Caribbean","AMRO","PR","Puerto Rico",181,"Coamo",2345,"Coamo",2345,"Location","Coamo",1,18.07939,-66.361458,"Preintervention","No","No","before 1990",1927,1927,0,"Mapping survey","Wuchereria bancrofti","Both","Adults/Children",0,0,"PRI0001LF","Addiss D and Chuke S","Report",2002,"Yes","Lymphatic filariasis in the Americas: an epidemiologic history",NA,0,NA,NA,NA,NA,NA,NA,NA,NA,NA,NA,NA,NA,162,NA,NA,NA,NA,NA,NA,NA,NA,NA,NA,NA,NA,4,NA,NA,NA,NA,NA,NA,NA,NA,NA,NA,NA,NA,0.025,NA,NA,NA,NA,NA,NA,NA,NA,NA,NA,NA,NA,0,NA,NA,NA,NA,NA,NA,NA,NA,NA,NA,NA,"Blood_smear",1,"LF4749PR"
"43",3986,"LF4750PR","Americas","Caribbean","AMRO","PR","Puerto Rico",181,"Salinas",2387,"Salinas",2387,"Location","Central Aguirre",1,17.955601,-66.223297,"Preintervention","No","No","before 1990",1927,1927,0,"Mapping survey","Wuchereria bancrofti","Both","Adults/Children",0,0,"PRI0001LF","Addiss D and Chuke S","Report",2002,"Yes","Lymphatic filariasis in the Americas: an epidemiologic history",NA,0,NA,NA,NA,NA,NA,NA,NA,NA,NA,NA,NA,NA,108,NA,NA,NA,NA,NA,NA,NA,NA,NA,NA,NA,NA,4,NA,NA,NA,NA,NA,NA,NA,NA,NA,NA,NA,NA,0.037,NA,NA,NA,NA,NA,NA,NA,NA,NA,NA,NA,NA,0,NA,NA,NA,NA,NA,NA,NA,NA,NA,NA,NA,"Blood_smear",1,"LF4750PR"
"44",3987,"LF4751PR","Americas","Caribbean","AMRO","PR","Puerto Rico",181,"Vieques",2399,"Vieques",2399,"Location","Vieques",1,18.116667,-65.416664,"Preintervention","No","No","before 1990",1927,1927,0,"Mapping survey","Wuchereria bancrofti","Both","Adults/Children",0,0,"PRI0001LF","Addiss D and Chuke S","Report",2002,"Yes","Lymphatic filariasis in the Americas: an epidemiologic history",NA,0,NA,NA,NA,NA,NA,NA,NA,NA,NA,NA,NA,NA,254,NA,NA,NA,NA,NA,NA,NA,NA,NA,NA,NA,NA,16,NA,NA,NA,NA,NA,NA,NA,NA,NA,NA,NA,NA,0.063,NA,NA,NA,NA,NA,NA,NA,NA,NA,NA,NA,NA,0,NA,NA,NA,NA,NA,NA,NA,NA,NA,NA,NA,"Blood_smear",1,"LF4751PR"
"45",3988,"LF4752PR","Americas","Caribbean","AMRO","PR","Puerto Rico",181,"Maricao",2371,"Maricao",2371,"Location","Maricao",1,18.172098,-66.942268,"Preintervention","No","No","before 1990",1927,1927,0,"Mapping survey","Wuchereria bancrofti","Both","Adults/Children",0,0,"PRI0001LF","Addiss D and Chuke S","Report",2002,"Yes","Lymphatic filariasis in the Americas: an epidemiologic history",NA,0,NA,NA,NA,NA,NA,NA,NA,NA,NA,NA,NA,NA,111,NA,NA,NA,NA,NA,NA,NA,NA,NA,NA,NA,NA,1,NA,NA,NA,NA,NA,NA,NA,NA,NA,NA,NA,NA,0.009,NA,NA,NA,NA,NA,NA,NA,NA,NA,NA,NA,NA,0,NA,NA,NA,NA,NA,NA,NA,NA,NA,NA,NA,"Blood_smear",1,"LF4752PR"
"46",3989,"LF4753PR","Americas","Caribbean","AMRO","PR","Puerto Rico",181,"A??asco",2329,"A??asco",2329,"Location","Anasco",2,18.287815,-67.1241,"Preintervention","No","No","before 1990",1927,1927,0,"Mapping survey","Wuchereria bancrofti","Both","Adults/Children",0,0,"PRI0001LF","Addiss D and Chuke S","Report",2002,"Yes","Lymphatic filariasis in the Americas: an epidemiologic history",NA,0,NA,NA,NA,NA,NA,NA,NA,NA,NA,NA,NA,NA,151,NA,NA,NA,NA,NA,NA,NA,NA,NA,NA,NA,NA,6,NA,NA,NA,NA,NA,NA,NA,NA,NA,NA,NA,NA,0.04,NA,NA,NA,NA,NA,NA,NA,NA,NA,NA,NA,NA,0,NA,NA,NA,NA,NA,NA,NA,NA,NA,NA,NA,"Blood_smear",1,"LF4753PR"
"47",3990,"LF4754PR","Americas","Caribbean","AMRO","PR","Puerto Rico",181,"Ceiba",2342,"Ceiba",2342,"Location","Ceiba",1,18.238056,-65.627777,"Preintervention","No","No","before 1990",1927,1927,0,"Mapping survey","Wuchereria bancrofti","Both","Adults/Children",0,0,"PRI0001LF","Addiss D and Chuke S","Report",2002,"Yes","Lymphatic filariasis in the Americas: an epidemiologic history",NA,0,NA,NA,NA,NA,NA,NA,NA,NA,NA,NA,NA,NA,24,NA,NA,NA,NA,NA,NA,NA,NA,NA,NA,NA,NA,3,NA,NA,NA,NA,NA,NA,NA,NA,NA,NA,NA,NA,0.125,NA,NA,NA,NA,NA,NA,NA,NA,NA,NA,NA,NA,0,NA,NA,NA,NA,NA,NA,NA,NA,NA,NA,NA,"Blood_smear",1,"LF4754PR"
"48",3991,"LF4755PR","Americas","Caribbean","AMRO","PR","Puerto Rico",181,"Naguabo",2377,"Naguabo",2377,"Location","Naguabo",1,18.229898,-65.752823,"Preintervention","No","No","before 1990",1927,1927,0,"Mapping survey","Wuchereria bancrofti","Both","Adults/Children",0,0,"PRI0001LF","Addiss D and Chuke S","Report",2002,"Yes","Lymphatic filariasis in the Americas: an epidemiologic history",NA,0,NA,NA,NA,NA,NA,NA,NA,NA,NA,NA,NA,NA,179,NA,NA,NA,NA,NA,NA,NA,NA,NA,NA,NA,NA,25,NA,NA,NA,NA,NA,NA,NA,NA,NA,NA,NA,NA,0.14,NA,NA,NA,NA,NA,NA,NA,NA,NA,NA,NA,NA,0,NA,NA,NA,NA,NA,NA,NA,NA,NA,NA,NA,"Blood_smear",1,"LF4755PR"
"49",3992,"LF4756PR","Americas","Caribbean","AMRO","PR","Puerto Rico",181,"Humacao",2359,"Humacao",2359,"Location","Humacao",1,18.15147,-65.823372,"Preintervention","No","No","before 1990",1927,1927,0,"Mapping survey","Wuchereria bancrofti","Both","Adults/Children",0,0,"PRI0001LF","Addiss D and Chuke S","Report",2002,"Yes","Lymphatic filariasis in the Americas: an epidemiologic history",NA,0,NA,NA,NA,NA,NA,NA,NA,NA,NA,NA,NA,NA,148,NA,NA,NA,NA,NA,NA,NA,NA,NA,NA,NA,NA,13,NA,NA,NA,NA,NA,NA,NA,NA,NA,NA,NA,NA,0.088,NA,NA,NA,NA,NA,NA,NA,NA,NA,NA,NA,NA,0,NA,NA,NA,NA,NA,NA,NA,NA,NA,NA,NA,"Blood_smear",1,"LF4756PR"
"50",3993,"LF4757PR","Americas","Caribbean","AMRO","PR","Puerto Rico",181,"Yabucoa",2401,"Yabucoa",2401,"Location","Yabucoa",1,18.070536,-65.896423,"Preintervention","No","No","before 1990",1927,1927,0,"Mapping survey","Wuchereria bancrofti","Both","Adults/Children",0,0,"PRI0001LF","Addiss D and Chuke S","Report",2002,"Yes","Lymphatic filariasis in the Americas: an epidemiologic history",NA,0,NA,NA,NA,NA,NA,NA,NA,NA,NA,NA,NA,NA,16,NA,NA,NA,NA,NA,NA,NA,NA,NA,NA,NA,NA,1,NA,NA,NA,NA,NA,NA,NA,NA,NA,NA,NA,NA,0.063,NA,NA,NA,NA,NA,NA,NA,NA,NA,NA,NA,NA,0,NA,NA,NA,NA,NA,NA,NA,NA,NA,NA,NA,"Blood_smear",1,"LF4757PR"
"51",3994,"LF4758PR","Americas","Caribbean","AMRO","PR","Puerto Rico",181,"Aguada",2325,"Aguada",2325,"Location","Aguada",1,18.379444,-67.188332,"Preintervention","No","No","before 1990",1929,1931,0,"Mapping survey","Wuchereria bancrofti","Both","Adults/Children",0,0,"PRI0001LF","Addiss D and Chuke S","Report",2002,"Yes","Lymphatic filariasis in the Americas: an epidemiologic history",NA,0,NA,NA,NA,NA,NA,NA,NA,NA,NA,NA,NA,NA,199,NA,NA,NA,NA,NA,NA,NA,NA,NA,NA,NA,NA,27,NA,NA,NA,NA,NA,NA,NA,NA,NA,NA,NA,NA,0.136,NA,NA,NA,NA,NA,NA,NA,NA,NA,NA,NA,NA,0,NA,NA,NA,NA,NA,NA,NA,NA,NA,NA,NA,"Blood_smear",1,"LF4758PR"
"52",3995,"LF4759PR","Americas","Caribbean","AMRO","PR","Puerto Rico",181,"Aguadilla",2326,"Aguadilla",2326,"Location","Aguadilla",1,18.434601,-67.15519,"Preintervention","No","No","before 1990",1929,1931,0,"Mapping survey","Wuchereria bancrofti","Both","Adults/Children",0,0,"PRI0001LF","Addiss D and Chuke S","Report",2002,"Yes","Lymphatic filariasis in the Americas: an epidemiologic history",NA,0,NA,NA,NA,NA,NA,NA,NA,NA,NA,NA,NA,NA,209,NA,NA,NA,NA,NA,NA,NA,NA,NA,NA,NA,NA,29,NA,NA,NA,NA,NA,NA,NA,NA,NA,NA,NA,NA,0.139,NA,NA,NA,NA,NA,NA,NA,NA,NA,NA,NA,NA,0,NA,NA,NA,NA,NA,NA,NA,NA,NA,NA,NA,"Blood_smear",1,"LF4759PR"
"53",3996,"LF4760PR","Americas","Caribbean","AMRO","PR","Puerto Rico",181,"San Juan",2389,"San Juan",2389,"Location","Puerta de Tierra (San Juan)",1,18.464872,-66.092453,"Preintervention","No","No","before 1990",1929,1931,0,"Mapping survey","Wuchereria bancrofti","Both","Adults/Children",0,0,"PRI0001LF","Addiss D and Chuke S","Report",2002,"Yes","Lymphatic filariasis in the Americas: an epidemiologic history",NA,0,NA,NA,NA,NA,NA,NA,NA,NA,NA,NA,NA,NA,158,NA,NA,NA,NA,NA,NA,NA,NA,NA,NA,NA,NA,18,NA,NA,NA,NA,NA,NA,NA,NA,NA,NA,NA,NA,0.114,NA,NA,NA,NA,NA,NA,NA,NA,NA,NA,NA,NA,0,NA,NA,NA,NA,NA,NA,NA,NA,NA,NA,NA,"Blood_smear",1,"LF4760PR"
"54",3997,"LF4761PR","Americas","Caribbean","AMRO","PR","Puerto Rico",181,"San Juan",2389,"San Juan",2389,"Location","San Juan",1,18.46633,-66.104736,"Preintervention","No","No","before 1990",1929,1931,0,"Mapping survey","Wuchereria bancrofti","Both","Adults/Children",0,0,"PRI0001LF","Addiss D and Chuke S","Report",2002,"Yes","Lymphatic filariasis in the Americas: an epidemiologic history",NA,0,NA,NA,NA,NA,NA,NA,NA,NA,NA,NA,NA,NA,117,NA,NA,NA,NA,NA,NA,NA,NA,NA,NA,NA,NA,13,NA,NA,NA,NA,NA,NA,NA,NA,NA,NA,NA,NA,0.111,NA,NA,NA,NA,NA,NA,NA,NA,NA,NA,NA,NA,0,NA,NA,NA,NA,NA,NA,NA,NA,NA,NA,NA,"Blood_smear",1,"LF4761PR"
"55",3998,"LF4762PR","Americas","Caribbean","AMRO","PR","Puerto Rico",181,"San Juan",2389,"San Juan",2389,"Location","Santurce",1,18.4547,-66.064583,"Preintervention","No","No","before 1990",1929,1931,0,"Mapping survey","Wuchereria bancrofti","Both","Adults/Children",0,0,"PRI0001LF","Addiss D and Chuke S","Report",2002,"Yes","Lymphatic filariasis in the Americas: an epidemiologic history",NA,0,NA,NA,NA,NA,NA,NA,NA,NA,NA,NA,NA,NA,83,NA,NA,NA,NA,NA,NA,NA,NA,NA,NA,NA,NA,8,NA,NA,NA,NA,NA,NA,NA,NA,NA,NA,NA,NA,0.096,NA,NA,NA,NA,NA,NA,NA,NA,NA,NA,NA,NA,0,NA,NA,NA,NA,NA,NA,NA,NA,NA,NA,NA,"Blood_smear",1,"LF4762PR"
"56",3999,"LF4763PR","Americas","Caribbean","AMRO","PR","Puerto Rico",181,"Bayam??n",2334,"Bayam??n",2334,"Location","Bayamon",1,18.394091,-66.147377,"Preintervention","No","No","before 1990",1929,1931,0,"Mapping survey","Wuchereria bancrofti","Both","Adults/Children",0,0,"PRI0001LF","Addiss D and Chuke S","Report",2002,"Yes","Lymphatic filariasis in the Americas: an epidemiologic history",NA,0,NA,NA,NA,NA,NA,NA,NA,NA,NA,NA,NA,NA,129,NA,NA,NA,NA,NA,NA,NA,NA,NA,NA,NA,NA,12,NA,NA,NA,NA,NA,NA,NA,NA,NA,NA,NA,NA,0.093,NA,NA,NA,NA,NA,NA,NA,NA,NA,NA,NA,NA,0,NA,NA,NA,NA,NA,NA,NA,NA,NA,NA,NA,"Blood_smear",1,"LF4763PR"
"57",4000,"LF4764PR","Americas","Caribbean","AMRO","PR","Puerto Rico",181,"Vega Alta",2397,"Vega Alta",2397,"Location","Vega Alta",1,18.41221,-66.331779,"Preintervention","No","No","before 1990",1929,1931,0,"Mapping survey","Wuchereria bancrofti","Both","Adults/Children",0,0,"PRI0001LF","Addiss D and Chuke S","Report",2002,"Yes","Lymphatic filariasis in the Americas: an epidemiologic history",NA,0,NA,NA,NA,NA,NA,NA,NA,NA,NA,NA,NA,NA,110,NA,NA,NA,NA,NA,NA,NA,NA,NA,NA,NA,NA,10,NA,NA,NA,NA,NA,NA,NA,NA,NA,NA,NA,NA,0.091,NA,NA,NA,NA,NA,NA,NA,NA,NA,NA,NA,NA,0,NA,NA,NA,NA,NA,NA,NA,NA,NA,NA,NA,"Blood_smear",1,"LF4764PR"
"58",4001,"LF4765PR","Americas","Caribbean","AMRO","PR","Puerto Rico",181,"San Juan",2389,"San Juan",2389,"Location","Santurce",1,18.4547,-66.064583,"Preintervention","No","No","before 1990",1947,1948,0,"Mapping survey","Wuchereria bancrofti","Both","Children",0,0,"PRI0001LF","Addiss D and Chuke S","Report",2002,"Yes","Lymphatic filariasis in the Americas: an epidemiologic history",NA,0,NA,NA,NA,NA,NA,NA,NA,NA,NA,NA,NA,NA,529,NA,NA,NA,NA,NA,NA,NA,NA,NA,NA,NA,NA,38,NA,NA,NA,NA,NA,NA,NA,NA,NA,NA,NA,NA,0.072,NA,NA,NA,NA,NA,NA,NA,NA,NA,NA,NA,NA,0,NA,NA,NA,NA,NA,NA,NA,NA,NA,NA,NA,"Blood_smear",1,"LF4765PR"
"59",4002,"LF4766PR","Americas","Caribbean","AMRO","PR","Puerto Rico",181,"San Juan",2389,"San Juan",2389,"Location","Santurce",1,18.4547,-66.064583,"Preintervention","No","No","before 1990",1947,1948,0,"Mapping survey","Wuchereria bancrofti","Both","Adults",0,0,"PRI0001LF","Addiss D and Chuke S","Report",2002,"Yes","Lymphatic filariasis in the Americas: an epidemiologic history",NA,0,NA,NA,NA,NA,NA,NA,NA,NA,NA,NA,NA,NA,52,NA,NA,NA,NA,NA,NA,NA,NA,NA,NA,NA,NA,2,NA,NA,NA,NA,NA,NA,NA,NA,NA,NA,NA,NA,0.038,NA,NA,NA,NA,NA,NA,NA,NA,NA,NA,NA,NA,0,NA,NA,NA,NA,NA,NA,NA,NA,NA,NA,NA,"Blood_smear",1,"LF4766PR"
"60",4850,"LF5811ID","Asia","South-Eastern Asia","SEARO","ID","Indonesia",116,"Nusatenggara Timur",1529,"Manggarai",73789,"Location","Wae Manis",1,-8.2931,120.432999,"Preintervention","No","No","before 1990",1977,1977,0,"Mapping survey","Brugia timori","Both","Adults/Children",0,99,"IDN0051LF","Partono F and Purnomo","Published paper",1978,"Yes","Clinical features of timorian filariasis among immigrants to an endemic area in West Flores, Indonesia",0,0,NA,NA,NA,NA,NA,NA,NA,NA,0,NA,NA,59,59,NA,NA,NA,NA,NA,NA,NA,NA,59,NA,NA,31,6,NA,NA,NA,NA,NA,NA,NA,NA,11,NA,NA,0.525,0.102,NA,NA,NA,NA,NA,NA,NA,NA,0.186,NA,NA,0,0,NA,NA,NA,NA,NA,NA,NA,NA,0,NA,NA,"Blood_smear + Lymphedema + Any_clinic",3,"LF5811ID"
"61",4851,"LF5812ID","Asia","South-Eastern Asia","SEARO","ID","Indonesia",116,"Nusatenggara Timur",1529,"Manggarai",73789,"Location","Wae Manis",1,-8.2931,120.432999,"Preintervention","No","No","before 1990",1978,1978,0,"Mapping survey","Brugia timori","Both","Adults/Children",0,99,"IDN0051LF","Partono F and Purnomo","Published paper",1978,"Yes","Clinical features of timorian filariasis among immigrants to an endemic area in West Flores, Indonesia",0,0,NA,NA,NA,0,NA,NA,NA,NA,0,NA,NA,66,66,NA,NA,NA,61,NA,NA,NA,NA,66,NA,NA,38,6,NA,NA,NA,11,NA,NA,NA,NA,16,NA,NA,0.576,0.091,NA,NA,NA,0.18,NA,NA,NA,NA,0.242,NA,NA,0,0,NA,NA,NA,0,NA,NA,NA,NA,0,NA,NA,"Blood_smear + Filtration + Lymphedema + Any_clinic",4,"LF5812ID"
"62",5824,"LF7129PF","Oceania","Western Pacific","WPRO","PF","French Polynesia",87,"Administrative unit not available",1273,"Administrative unit not available",16355,"Island","Raiatea",1,-16.825268,-151.441513,"Preintervention","No","No","1990-2000",1990,1990,0,"Mapping survey","Wuchereria bancrofti","Both","Adults/Children",0,0,"PYF0010LF","Williams SA, Nicolas L, Lizotte-Waniewski M, Plichart C, Luquiaud P, Nguyen LN and Moulia-Pelat JP","Published paper",1996,"Yes","A polymerase chain reaction assay for the detection of Wuchereria bancrofti in blood samples from French Polynesia",NA,NA,NA,NA,0,0,NA,NA,NA,NA,NA,NA,NA,NA,NA,NA,NA,373,373,NA,NA,NA,NA,NA,NA,NA,NA,NA,NA,NA,212,113,NA,NA,NA,NA,NA,NA,NA,NA,NA,NA,NA,0.568,0.303,NA,NA,NA,NA,NA,NA,NA,NA,NA,NA,NA,0,0,NA,NA,NA,NA,NA,NA,NA,"Filtration + ELISA",2,"LF7129PF"
"63",5825,"LF7130PF","Oceania","Western Pacific","WPRO","PF","French Polynesia",87,"Administrative unit not available",1273,"Administrative unit not available",16355,"Island","Raiatea",1,-16.825268,-151.441513,"Preintervention","No","No","1990-2000",1990,1990,0,"Mapping survey","Wuchereria bancrofti","Both","Adults/Children",0,0,"PYF0010LF","Williams SA, Nicolas L, Lizotte-Waniewski M, Plichart C, Luquiaud P, Nguyen LN and Moulia-Pelat JP","Published paper",1996,"Yes","A polymerase chain reaction assay for the detection of Wuchereria bancrofti in blood samples from French Polynesia",NA,NA,NA,NA,NA,0,NA,NA,NA,NA,NA,NA,0,NA,NA,NA,NA,NA,373,NA,NA,NA,NA,NA,NA,373,NA,NA,NA,NA,NA,113,NA,NA,NA,NA,NA,NA,99,NA,NA,NA,NA,NA,0.303,NA,NA,NA,NA,NA,NA,0.265,NA,NA,NA,NA,NA,0,NA,NA,NA,NA,NA,NA,0,"Filtration + PCR",2,"LF7130PF"
"64",6514,"LF8028VU","Oceania","Western Pacific","WPRO","VU","Vanuatu",262,"Torba",3301,"Administrative unit not available",31855,"Island group","Torres",1,-13.262626,166.615799,"Preintervention","No","No","before 1990",1978,1979,0,"Mapping survey","","Both","Adults/Children",2,99,"VUT0002LF","Bouree P, Sauvagnac B and Montaville B","Published paper",1987,"Yes","[Lymphatic filariasis in Vanuatu]",NA,20,NA,NA,NA,NA,NA,NA,NA,NA,NA,NA,NA,NA,28,NA,NA,NA,NA,NA,NA,NA,NA,NA,NA,NA,NA,13,NA,NA,NA,NA,NA,NA,NA,NA,NA,NA,NA,NA,0.45,NA,NA,NA,NA,NA,NA,NA,NA,NA,NA,NA,NA,0,NA,NA,NA,NA,NA,NA,NA,NA,NA,NA,NA,"Blood_smear",1,"LF8028VU"
"65",6515,"LF8029VU","Oceania","Western Pacific","WPRO","VU","Vanuatu",262,"Torba",3301,"Administrative unit not available",31855,"Island group","Torres",1,-13.262626,166.615799,"Preintervention","No","No","before 1990",1978,1979,0,"Mapping survey","","Both","Adults/Children",2,99,"VUT0002LF","Bouree P, Sauvagnac B and Montaville B","Published paper",1987,"Yes","[Lymphatic filariasis in Vanuatu]",NA,20,NA,NA,NA,NA,NA,NA,NA,NA,0,NA,NA,NA,149,NA,NA,NA,NA,NA,NA,NA,NA,149,NA,NA,NA,0,NA,NA,NA,NA,NA,NA,NA,NA,2,NA,NA,NA,0,NA,NA,NA,NA,NA,NA,NA,NA,0.013,NA,NA,NA,0,NA,NA,NA,NA,NA,NA,NA,NA,0,NA,NA,"Blood_smear + Lymphedema",2,"LF8029VU"
"66",6516,"LF8030VU","Oceania","Western Pacific","WPRO","VU","Vanuatu",262,"Torba",3301,"Administrative unit not available",31855,"Island group","Banks",1,-13.924856,167.484955,"Preintervention","No","No","before 1990",1978,1979,0,"Mapping survey","","Both","Adults/Children",2,99,"VUT0002LF","Bouree P, Sauvagnac B and Montaville B","Published paper",1987,"Yes","[Lymphatic filariasis in Vanuatu]",NA,20,NA,NA,NA,NA,NA,NA,NA,NA,0,NA,NA,NA,729,NA,NA,NA,NA,NA,NA,NA,NA,729,NA,NA,NA,4,NA,NA,NA,NA,NA,NA,NA,NA,6,NA,NA,NA,0.006,NA,NA,NA,NA,NA,NA,NA,NA,0.008,NA,NA,NA,0,NA,NA,NA,NA,NA,NA,NA,NA,0,NA,NA,"Blood_smear + Lymphedema",2,"LF8030VU"
"67",6517,"LF8031VU","Oceania","Western Pacific","WPRO","VU","Vanuatu",262,"Sanma",3298,"Administrative unit not available",31852,"Island","Santo",2,-15.146988,166.873703,"Preintervention","No","No","before 1990",1978,1979,0,"Mapping survey","","Both","Adults/Children",2,99,"VUT0002LF","Bouree P, Sauvagnac B and Montaville B","Published paper",1987,"Yes","[Lymphatic filariasis in Vanuatu]",NA,20,NA,NA,NA,NA,NA,NA,NA,NA,0,NA,NA,NA,1027,NA,NA,NA,NA,NA,NA,NA,NA,1027,NA,NA,NA,62,NA,NA,NA,NA,NA,NA,NA,NA,10,NA,NA,NA,0.06,NA,NA,NA,NA,NA,NA,NA,NA,0.01,NA,NA,NA,0,NA,NA,NA,NA,NA,NA,NA,NA,0,NA,NA,"Blood_smear + Lymphedema",2,"LF8031VU"
"68",6518,"LF8032VU","Oceania","Western Pacific","WPRO","VU","Vanuatu",262,"Penama",3297,"Administrative unit not available",31851,"Island","Maewo",1,-15.159912,168.145508,"Preintervention","No","No","before 1990",1978,1979,0,"Mapping survey","","Both","Adults/Children",2,99,"VUT0002LF","Bouree P, Sauvagnac B and Montaville B","Published paper",1987,"Yes","[Lymphatic filariasis in Vanuatu]",NA,20,NA,NA,NA,NA,NA,NA,NA,NA,0,NA,NA,NA,466,NA,NA,NA,NA,NA,NA,NA,NA,466,NA,NA,NA,14,NA,NA,NA,NA,NA,NA,NA,NA,0,NA,NA,NA,0.03,NA,NA,NA,NA,NA,NA,NA,NA,0,NA,NA,NA,0,NA,NA,NA,NA,NA,NA,NA,NA,0,NA,NA,"Blood_smear + Lymphedema",2,"LF8032VU"
"69",6519,"LF8033VU","Oceania","Western Pacific","WPRO","VU","Vanuatu",262,"Penama",3297,"Administrative unit not available",31851,"Island","Aoba",1,-15.381386,167.846588,"Preintervention","No","No","before 1990",1978,1979,0,"Mapping survey","","Both","Adults/Children",2,99,"VUT0002LF","Bouree P, Sauvagnac B and Montaville B","Published paper",1987,"Yes","[Lymphatic filariasis in Vanuatu]",NA,20,NA,NA,NA,NA,NA,NA,NA,NA,0,NA,NA,NA,153,NA,NA,NA,NA,NA,NA,NA,NA,153,NA,NA,NA,8,NA,NA,NA,NA,NA,NA,NA,NA,0,NA,NA,NA,0.055,NA,NA,NA,NA,NA,NA,NA,NA,0,NA,NA,NA,0,NA,NA,NA,NA,NA,NA,NA,NA,0,NA,NA,"Blood_smear + Lymphedema",2,"LF8033VU"
"70",6520,"LF8034VU","Oceania","Western Pacific","WPRO","VU","Vanuatu",262,"Penama",3297,"Administrative unit not available",31851,"Island","Pentecote",1,-15.740634,168.188629,"Preintervention","No","No","before 1990",1978,1979,0,"Mapping survey","","Both","Adults/Children",2,99,"VUT0002LF","Bouree P, Sauvagnac B and Montaville B","Published paper",1987,"Yes","[Lymphatic filariasis in Vanuatu]",NA,20,NA,NA,NA,NA,NA,NA,NA,NA,0,NA,NA,NA,69,NA,NA,NA,NA,NA,NA,NA,NA,69,NA,NA,NA,2,NA,NA,NA,NA,NA,NA,NA,NA,0,NA,NA,NA,0.032,NA,NA,NA,NA,NA,NA,NA,NA,0,NA,NA,NA,0,NA,NA,NA,NA,NA,NA,NA,NA,0,NA,NA,"Blood_smear + Lymphedema",2,"LF8034VU"
"71",6521,"LF8035VU","Oceania","Western Pacific","WPRO","VU","Vanuatu",262,"Malampa",3296,"Administrative unit not available",31850,"Island","Mallicolo",1,-16.234289,167.493088,"Preintervention","No","No","before 1990",1978,1979,0,"Mapping survey","","Both","Adults/Children",2,99,"VUT0002LF","Bouree P, Sauvagnac B and Montaville B","Published paper",1987,"Yes","[Lymphatic filariasis in Vanuatu]",NA,20,NA,NA,NA,NA,NA,NA,NA,NA,0,NA,NA,NA,1982,NA,NA,NA,NA,NA,NA,NA,NA,1982,NA,NA,NA,196,NA,NA,NA,NA,NA,NA,NA,NA,0,NA,NA,NA,0.099,NA,NA,NA,NA,NA,NA,NA,NA,0,NA,NA,NA,0,NA,NA,NA,NA,NA,NA,NA,NA,0,NA,NA,"Blood_smear + Lymphedema",2,"LF8035VU"
"72",6522,"LF8036VU","Oceania","Western Pacific","WPRO","VU","Vanuatu",262,"Malampa",3296,"Administrative unit not available",31850,"Island","Ambryn",2,-16.239086,168.11441,"Preintervention","No","No","before 1990",1978,1979,0,"Mapping survey","","Both","Adults/Children",2,99,"VUT0002LF","Bouree P, Sauvagnac B and Montaville B","Published paper",1987,"Yes","[Lymphatic filariasis in Vanuatu]",NA,20,NA,NA,NA,NA,NA,NA,NA,NA,0,NA,NA,NA,44,NA,NA,NA,NA,NA,NA,NA,NA,44,NA,NA,NA,7,NA,NA,NA,NA,NA,NA,NA,NA,0,NA,NA,NA,0.159,NA,NA,NA,NA,NA,NA,NA,NA,0,NA,NA,NA,0,NA,NA,NA,NA,NA,NA,NA,NA,0,NA,NA,"Blood_smear + Lymphedema",2,"LF8036VU"
"73",6523,"LF8037VU","Oceania","Western Pacific","WPRO","VU","Vanuatu",262,"Shefa",3299,"Administrative unit not available",31853,"Island","Epi",1,-16.7167,168.25,"Preintervention","No","No","before 1990",1978,1979,0,"Mapping survey","","Both","Adults/Children",2,99,"VUT0002LF","Bouree P, Sauvagnac B and Montaville B","Published paper",1987,"Yes","[Lymphatic filariasis in Vanuatu]",NA,20,NA,NA,NA,NA,NA,NA,NA,NA,0,NA,NA,NA,309,NA,NA,NA,NA,NA,NA,NA,NA,309,NA,NA,NA,31,NA,NA,NA,NA,NA,NA,NA,NA,0,NA,NA,NA,0.1,NA,NA,NA,NA,NA,NA,NA,NA,0,NA,NA,NA,0,NA,NA,NA,NA,NA,NA,NA,NA,0,NA,NA,"Blood_smear + Lymphedema",2,"LF8037VU"
"74",6524,"LF8038VU","Oceania","Western Pacific","WPRO","VU","Vanuatu",262,"Shefa",3299,"Administrative unit not available",31853,"Island","Vate",1,-17.679159,168.377823,"Preintervention","No","No","before 1990",1978,1979,0,"Mapping survey","","Both","Adults/Children",2,99,"VUT0002LF","Bouree P, Sauvagnac B and Montaville B","Published paper",1987,"Yes","[Lymphatic filariasis in Vanuatu]",NA,20,NA,NA,NA,NA,NA,NA,NA,NA,0,NA,NA,NA,1913,NA,NA,NA,NA,NA,NA,NA,NA,1913,NA,NA,NA,6,NA,NA,NA,NA,NA,NA,NA,NA,1,NA,NA,NA,0.003,NA,NA,NA,NA,NA,NA,NA,NA,0.001,NA,NA,NA,0,NA,NA,NA,NA,NA,NA,NA,NA,0,NA,NA,"Blood_smear + Lymphedema",2,"LF8038VU"
"75",6525,"LF8039VU","Oceania","Western Pacific","WPRO","VU","Vanuatu",262,"Tafea",3300,"Administrative unit not available",31854,"Island","Aniwa",1,-19.266701,169.582993,"Preintervention","No","No","before 1990",1978,1979,0,"Mapping survey","","Both","Adults/Children",2,99,"VUT0002LF","Bouree P, Sauvagnac B and Montaville B","Published paper",1987,"Yes","[Lymphatic filariasis in Vanuatu]",NA,20,NA,NA,NA,NA,NA,NA,NA,NA,0,NA,NA,NA,134,NA,NA,NA,NA,NA,NA,NA,NA,134,NA,NA,NA,1,NA,NA,NA,NA,NA,NA,NA,NA,0,NA,NA,NA,0.007,NA,NA,NA,NA,NA,NA,NA,NA,0,NA,NA,NA,0,NA,NA,NA,NA,NA,NA,NA,NA,0,NA,NA,"Blood_smear + Lymphedema",2,"LF8039VU"
"76",6526,"LF8040VU","Oceania","Western Pacific","WPRO","VU","Vanuatu",262,"Tafea",3300,"Administrative unit not available",31854,"Island","Anatom",1,-20.191486,169.824036,"Preintervention","No","No","before 1990",1978,1979,0,"Mapping survey","","Both","Adults/Children",2,99,"VUT0002LF","Bouree P, Sauvagnac B and Montaville B","Published paper",1987,"Yes","[Lymphatic filariasis in Vanuatu]",NA,20,NA,NA,NA,NA,NA,NA,NA,NA,0,NA,NA,NA,134,NA,NA,NA,NA,NA,NA,NA,NA,134,NA,NA,NA,1,NA,NA,NA,NA,NA,NA,NA,NA,0,NA,NA,NA,0.004,NA,NA,NA,NA,NA,NA,NA,NA,0,NA,NA,NA,0,NA,NA,NA,NA,NA,NA,NA,NA,0,NA,NA,"Blood_smear + Lymphedema",2,"LF8040VU"
"77",6527,"LF8041VU","Oceania","Western Pacific","WPRO","VU","Vanuatu",262,"Tafea",3300,"Administrative unit not available",31854,"Island","Tanna",1,-19.490149,169.359192,"Preintervention","No","No","before 1990",1978,1979,0,"Mapping survey","","Both","Adults/Children",2,99,"VUT0002LF","Bouree P, Sauvagnac B and Montaville B","Published paper",1987,"Yes","[Lymphatic filariasis in Vanuatu]",NA,20,NA,NA,NA,NA,NA,NA,NA,NA,NA,NA,NA,NA,0,NA,NA,NA,NA,NA,NA,NA,NA,NA,NA,NA,NA,0,NA,NA,NA,NA,NA,NA,NA,NA,NA,NA,NA,NA,0,NA,NA,NA,NA,NA,NA,NA,NA,NA,NA,NA,NA,0,NA,NA,NA,NA,NA,NA,NA,NA,NA,NA,NA,"Blood_smear",1,"LF8041VU"
"78",6528,"LF8042VU","Oceania","Western Pacific","WPRO","VU","Vanuatu",262,"Torba",3301,"Administrative unit not available",31855,"Island group","Torres",1,-13.262626,166.615799,"Preintervention","No","No","before 1990",1927,1927,0,"Mapping survey","","Both","Adults/Children",2,99,"VUT0002LF","Bouree P, Sauvagnac B and Montaville B","Published paper",1987,"Yes","[Lymphatic filariasis in Vanuatu]",NA,0,NA,NA,NA,NA,NA,NA,NA,NA,0,NA,NA,NA,6,NA,NA,NA,NA,NA,NA,NA,NA,6,NA,NA,NA,3,NA,NA,NA,NA,NA,NA,NA,NA,1,NA,NA,NA,0.5,NA,NA,NA,NA,NA,NA,NA,NA,0.167,NA,NA,NA,0,NA,NA,NA,NA,NA,NA,NA,NA,0,NA,NA,"Blood_smear + Lymphedema",2,"LF8042VU"
"79",6529,"LF8043VU","Oceania","Western Pacific","WPRO","VU","Vanuatu",262,"Torba",3301,"Administrative unit not available",31855,"Island group","Banks",1,-13.924856,167.484955,"Preintervention","No","No","before 1990",1927,1927,0,"Mapping survey","","Both","Adults/Children",2,99,"VUT0002LF","Bouree P, Sauvagnac B and Montaville B","Published paper",1987,"Yes","[Lymphatic filariasis in Vanuatu]",NA,0,NA,NA,NA,NA,NA,NA,NA,NA,NA,NA,NA,NA,6,NA,NA,NA,NA,NA,NA,NA,NA,NA,NA,NA,NA,3,NA,NA,NA,NA,NA,NA,NA,NA,NA,NA,NA,NA,0.5,NA,NA,NA,NA,NA,NA,NA,NA,NA,NA,NA,NA,0,NA,NA,NA,NA,NA,NA,NA,NA,NA,NA,NA,"Blood_smear",1,"LF8043VU"
"80",6530,"LF8044VU","Oceania","Western Pacific","WPRO","VU","Vanuatu",262,"Sanma",3298,"Administrative unit not available",31852,"Island","Santo",2,-15.146988,166.873703,"Preintervention","No","No","before 1990",1927,1927,0,"Mapping survey","","Both","Adults/Children",2,99,"VUT0002LF","Bouree P, Sauvagnac B and Montaville B","Published paper",1987,"Yes","[Lymphatic filariasis in Vanuatu]",NA,0,NA,NA,NA,NA,NA,NA,NA,NA,0,NA,NA,NA,101,NA,NA,NA,NA,NA,NA,NA,NA,101,NA,NA,NA,28,NA,NA,NA,NA,NA,NA,NA,NA,1,NA,NA,NA,0.277,NA,NA,NA,NA,NA,NA,NA,NA,0.01,NA,NA,NA,0,NA,NA,NA,NA,NA,NA,NA,NA,0,NA,NA,"Blood_smear + Lymphedema",2,"LF8044VU"
"81",6531,"LF8045VU","Oceania","Western Pacific","WPRO","VU","Vanuatu",262,"Penama",3297,"Administrative unit not available",31851,"Island","Aoba",1,-15.381386,167.846588,"Preintervention","No","No","before 1990",1927,1927,0,"Mapping survey","","Both","Adults/Children",2,99,"VUT0002LF","Bouree P, Sauvagnac B and Montaville B","Published paper",1987,"Yes","[Lymphatic filariasis in Vanuatu]",NA,0,NA,NA,NA,NA,NA,NA,NA,NA,0,NA,NA,NA,12,NA,NA,NA,NA,NA,NA,NA,NA,12,NA,NA,NA,4,NA,NA,NA,NA,NA,NA,NA,NA,0,NA,NA,NA,0.333,NA,NA,NA,NA,NA,NA,NA,NA,0,NA,NA,NA,0,NA,NA,NA,NA,NA,NA,NA,NA,0,NA,NA,"Blood_smear + Lymphedema",2,"LF8045VU"
"82",6532,"LF8046VU","Oceania","Western Pacific","WPRO","VU","Vanuatu",262,"Penama",3297,"Administrative unit not available",31851,"Island","Maewo",1,-15.159912,168.145508,"Preintervention","No","No","before 1990",1927,1927,0,"Mapping survey","","Both","Adults/Children",2,99,"VUT0002LF","Bouree P, Sauvagnac B and Montaville B","Published paper",1987,"Yes","[Lymphatic filariasis in Vanuatu]",NA,0,NA,NA,NA,NA,NA,NA,NA,NA,0,NA,NA,NA,21,NA,NA,NA,NA,NA,NA,NA,NA,21,NA,NA,NA,10,NA,NA,NA,NA,NA,NA,NA,NA,0,NA,NA,NA,0.476,NA,NA,NA,NA,NA,NA,NA,NA,0,NA,NA,NA,0,NA,NA,NA,NA,NA,NA,NA,NA,0,NA,NA,"Blood_smear + Lymphedema",2,"LF8046VU"
"83",6533,"LF8047VU","Oceania","Western Pacific","WPRO","VU","Vanuatu",262,"Penama",3297,"Administrative unit not available",31851,"Island","Pentecote",1,-15.740634,168.188629,"Preintervention","No","No","before 1990",1927,1927,0,"Mapping survey","","Both","Adults/Children",2,99,"VUT0002LF","Bouree P, Sauvagnac B and Montaville B","Published paper",1987,"Yes","[Lymphatic filariasis in Vanuatu]",NA,0,NA,NA,NA,NA,NA,NA,NA,NA,0,NA,NA,NA,20,NA,NA,NA,NA,NA,NA,NA,NA,20,NA,NA,NA,12,NA,NA,NA,NA,NA,NA,NA,NA,1,NA,NA,NA,0.6,NA,NA,NA,NA,NA,NA,NA,NA,0.05,NA,NA,NA,0,NA,NA,NA,NA,NA,NA,NA,NA,0,NA,NA,"Blood_smear + Lymphedema",2,"LF8047VU"
"84",6534,"LF8048VU","Oceania","Western Pacific","WPRO","VU","Vanuatu",262,"Malampa",3296,"Administrative unit not available",31850,"Island","Mallicolo",1,-16.234289,167.493088,"Preintervention","No","No","before 1990",1927,1927,0,"Mapping survey","","Both","Adults/Children",2,99,"VUT0002LF","Bouree P, Sauvagnac B and Montaville B","Published paper",1987,"Yes","[Lymphatic filariasis in Vanuatu]",NA,0,NA,NA,NA,NA,NA,NA,NA,NA,0,NA,NA,NA,11,NA,NA,NA,NA,NA,NA,NA,NA,11,NA,NA,NA,6,NA,NA,NA,NA,NA,NA,NA,NA,1,NA,NA,NA,0.545,NA,NA,NA,NA,NA,NA,NA,NA,0.091,NA,NA,NA,0,NA,NA,NA,NA,NA,NA,NA,NA,0,NA,NA,"Blood_smear + Lymphedema",2,"LF8048VU"
"85",6535,"LF8049VU","Oceania","Western Pacific","WPRO","VU","Vanuatu",262,"Malampa",3296,"Administrative unit not available",31850,"Island","Ambryn",2,-16.239086,168.11441,"Preintervention","No","No","before 1990",1927,1927,0,"Mapping survey","","Both","Adults/Children",2,99,"VUT0002LF","Bouree P, Sauvagnac B and Montaville B","Published paper",1987,"Yes","[Lymphatic filariasis in Vanuatu]",NA,0,NA,NA,NA,NA,NA,NA,NA,NA,0,NA,NA,NA,5,NA,NA,NA,NA,NA,NA,NA,NA,5,NA,NA,NA,2,NA,NA,NA,NA,NA,NA,NA,NA,1,NA,NA,NA,0.4,NA,NA,NA,NA,NA,NA,NA,NA,0.2,NA,NA,NA,0,NA,NA,NA,NA,NA,NA,NA,NA,0,NA,NA,"Blood_smear + Lymphedema",2,"LF8049VU"
"86",6536,"LF8050VU","Oceania","Western Pacific","WPRO","VU","Vanuatu",262,"Shefa",3299,"Administrative unit not available",31853,"Island","Epi",1,-16.7167,168.25,"Preintervention","No","No","before 1990",1927,1927,0,"Mapping survey","","Both","Adults/Children",2,99,"VUT0002LF","Bouree P, Sauvagnac B and Montaville B","Published paper",1987,"Yes","[Lymphatic filariasis in Vanuatu]",NA,0,NA,NA,NA,NA,NA,NA,NA,NA,0,NA,NA,NA,22,NA,NA,NA,NA,NA,NA,NA,NA,22,NA,NA,NA,14,NA,NA,NA,NA,NA,NA,NA,NA,1,NA,NA,NA,0.636,NA,NA,NA,NA,NA,NA,NA,NA,0.045,NA,NA,NA,0,NA,NA,NA,NA,NA,NA,NA,NA,0,NA,NA,"Blood_smear + Lymphedema",2,"LF8050VU"
"87",6537,"LF8051VU","Oceania","Western Pacific","WPRO","VU","Vanuatu",262,"Shefa",3299,"Administrative unit not available",31853,"Island","Vate",1,-17.679159,168.377823,"Preintervention","No","No","before 1990",1927,1927,0,"Mapping survey","","Both","Adults/Children",2,99,"VUT0002LF","Bouree P, Sauvagnac B and Montaville B","Published paper",1987,"Yes","[Lymphatic filariasis in Vanuatu]",NA,0,NA,NA,NA,NA,NA,NA,NA,NA,0,NA,NA,NA,11,NA,NA,NA,NA,NA,NA,NA,NA,11,NA,NA,NA,1,NA,NA,NA,NA,NA,NA,NA,NA,1,NA,NA,NA,0.091,NA,NA,NA,NA,NA,NA,NA,NA,0.091,NA,NA,NA,0,NA,NA,NA,NA,NA,NA,NA,NA,0,NA,NA,"Blood_smear + Lymphedema",2,"LF8051VU"
"88",6538,"LF8052VU","Oceania","Western Pacific","WPRO","VU","Vanuatu",262,"Tafea",3300,"Administrative unit not available",31854,"Island","Aniwa",1,-19.266701,169.582993,"Preintervention","No","No","before 1990",1927,1927,0,"Mapping survey","","Both","Adults/Children",2,99,"VUT0002LF","Bouree P, Sauvagnac B and Montaville B","Published paper",1987,"Yes","[Lymphatic filariasis in Vanuatu]",NA,0,NA,NA,NA,NA,NA,NA,NA,NA,0,NA,NA,NA,2,NA,NA,NA,NA,NA,NA,NA,NA,2,NA,NA,NA,1,NA,NA,NA,NA,NA,NA,NA,NA,1,NA,NA,NA,0.5,NA,NA,NA,NA,NA,NA,NA,NA,0.5,NA,NA,NA,0,NA,NA,NA,NA,NA,NA,NA,NA,0,NA,NA,"Blood_smear + Lymphedema",2,"LF8052VU"
"89",6539,"LF8053VU","Oceania","Western Pacific","WPRO","VU","Vanuatu",262,"Tafea",3300,"Administrative unit not available",31854,"Island","Anatom",1,-20.191486,169.824036,"Preintervention","No","No","before 1990",1927,1927,0,"Mapping survey","","Both","Adults/Children",2,99,"VUT0002LF","Bouree P, Sauvagnac B and Montaville B","Published paper",1987,"Yes","[Lymphatic filariasis in Vanuatu]",NA,0,NA,NA,NA,NA,NA,NA,NA,NA,0,NA,NA,NA,4,NA,NA,NA,NA,NA,NA,NA,NA,4,NA,NA,NA,3,NA,NA,NA,NA,NA,NA,NA,NA,1,NA,NA,NA,0.75,NA,NA,NA,NA,NA,NA,NA,NA,0.25,NA,NA,NA,0,NA,NA,NA,NA,NA,NA,NA,NA,0,NA,NA,"Blood_smear + Lymphedema",2,"LF8053VU"
"90",6540,"LF8054VU","Oceania","Western Pacific","WPRO","VU","Vanuatu",262,"Tafea",3300,"Administrative unit not available",31854,"Island","Tanna",1,-19.490149,169.359192,"Preintervention","No","No","before 1990",1927,1927,0,"Mapping survey","","Both","Adults/Children",2,99,"VUT0002LF","Bouree P, Sauvagnac B and Montaville B","Published paper",1987,"Yes","[Lymphatic filariasis in Vanuatu]",NA,0,NA,NA,NA,NA,NA,NA,NA,NA,0,NA,NA,NA,51,NA,NA,NA,NA,NA,NA,NA,NA,51,NA,NA,NA,1,NA,NA,NA,NA,NA,NA,NA,NA,1,NA,NA,NA,0.02,NA,NA,NA,NA,NA,NA,NA,NA,0.02,NA,NA,NA,0,NA,NA,NA,NA,NA,NA,NA,NA,0,NA,NA,"Blood_smear + Lymphedema",2,"LF8054VU"
"91",8894,"LF10605GH","Africa","Western Africa","AFRO/EMRO","GH","Ghana",94,"Central",1326,"",0,"Location","Ankwanda/Brenu-Akyinim",1,5.07143,-1.39185,"Postintervention","No","No","2010-on",2012,2012,9,"Surveillance","Wuchereria bancrofti","Both","Adults/Children",3,99,"GHA0019LF","Owusu IO, de Souza DK, Anto F, Wilson MD, Boakye DA, Bockarie MJ and Gyapong JO ","Published paper",2015,"Yes","Evaluation of human and mosquito based diagnostic tools for defining endpoints for elimination of Anopheles transmitted lymphatic filariasis in Ghana",NA,60,NA,NA,300,NA,NA,100,NA,NA,NA,NA,NA,NA,653,NA,NA,653,NA,NA,653,NA,NA,NA,NA,NA,NA,11,NA,NA,84,NA,NA,51,NA,NA,NA,NA,NA,NA,0.017,NA,NA,0.129,NA,NA,0.078,NA,NA,NA,NA,NA,NA,0,NA,NA,0,NA,NA,0,NA,NA,NA,NA,NA,"Blood_smear + ICT + ELISA",3,"LF10605GH"
"92",8895,"LF10606GH","Africa","Western Africa","AFRO/EMRO","GH","Ghana",94,"Central",1326,"",0,"Location","Ankwanda/Brenu-Akyinim",1,5.07143,-1.39185,"Postintervention","No","No","2010-on",2012,2012,9,"Surveillance","Wuchereria bancrofti","Both","Adults/Children",3,99,"GHA0019LF","Owusu IO, de Souza DK, Anto F, Wilson MD, Boakye DA, Bockarie MJ and Gyapong JO ","Published paper",2015,"Yes","Evaluation of human and mosquito based diagnostic tools for defining endpoints for elimination of Anopheles transmitted lymphatic filariasis in Ghana",NA,NA,NA,NA,300,NA,NA,NA,NA,NA,NA,NA,NA,NA,NA,NA,NA,653,NA,NA,NA,NA,NA,NA,NA,NA,NA,NA,NA,NA,79,NA,NA,NA,NA,NA,NA,NA,NA,NA,NA,NA,NA,0.121,NA,NA,NA,NA,NA,NA,NA,NA,NA,NA,NA,NA,0,NA,NA,NA,NA,NA,NA,NA,NA,"ELISA",1,"LF10606GH"
"93",8896,"LF10607GH","Africa","Western Africa","AFRO/EMRO","GH","Ghana",94,"Central",1326,"",0,"Location","Ankwanda/Brenu-Akyinim",1,5.07143,-1.39185,"Postintervention","No","No","2010-on",2012,2012,9,"Surveillance","Wuchereria bancrofti","Both","Adults/Children",3,99,"GHA0019LF","Owusu IO, de Souza DK, Anto F, Wilson MD, Boakye DA, Bockarie MJ and Gyapong JO ","Published paper",2015,"Yes","Evaluation of human and mosquito based diagnostic tools for defining endpoints for elimination of Anopheles transmitted lymphatic filariasis in Ghana",NA,NA,NA,NA,NA,NA,NA,NA,NA,NA,NA,NA,300,NA,NA,NA,NA,NA,NA,NA,NA,NA,NA,NA,NA,653,NA,NA,NA,NA,NA,NA,NA,NA,NA,NA,NA,NA,6,NA,NA,NA,NA,NA,NA,NA,NA,NA,NA,NA,NA,0.009,NA,NA,NA,NA,NA,NA,NA,NA,NA,NA,NA,NA,0,"PCR",1,"LF10607GH"
"94",8897,"LF10608GH","Africa","Western Africa","AFRO/EMRO","GH","Ghana",94,"Central",1326,"",0,"School","Ankwanda/Brenu-Akyinim",1,5.07143,-1.39185,"Postintervention","No","No","2010-on",2012,2012,9,"TAS","Wuchereria bancrofti","Both","Children",6,11,"GHA0019LF","Owusu IO, de Souza DK, Anto F, Wilson MD, Boakye DA, Bockarie MJ and Gyapong JO ","Published paper",2015,"Yes","Evaluation of human and mosquito based diagnostic tools for defining endpoints for elimination of Anopheles transmitted lymphatic filariasis in Ghana",NA,NA,NA,NA,300,NA,NA,100,NA,NA,NA,NA,NA,NA,NA,NA,NA,308,NA,NA,308,NA,NA,NA,NA,NA,NA,NA,NA,NA,15,NA,NA,5,NA,NA,NA,NA,NA,NA,NA,NA,NA,0.049,NA,NA,0.016,NA,NA,NA,NA,NA,NA,NA,NA,NA,0,NA,NA,0,NA,NA,NA,NA,NA,"ICT + ELISA",2,"LF10608GH"
"95",8898,"LF10609GH","Africa","Western Africa","AFRO/EMRO","GH","Ghana",94,"Central",1326,"",0,"School","Ankwanda/Brenu-Akyinim",1,5.07143,-1.39185,"Postintervention","No","No","2010-on",2012,2012,9,"TAS","Wuchereria bancrofti","Both","Children",6,11,"GHA0019LF","Owusu IO, de Souza DK, Anto F, Wilson MD, Boakye DA, Bockarie MJ and Gyapong JO ","Published paper",2015,"Yes","Evaluation of human and mosquito based diagnostic tools for defining endpoints for elimination of Anopheles transmitted lymphatic filariasis in Ghana",NA,NA,NA,NA,300,NA,NA,NA,NA,NA,NA,NA,NA,NA,NA,NA,NA,308,NA,NA,NA,NA,NA,NA,NA,NA,NA,NA,NA,NA,3,NA,NA,NA,NA,NA,NA,NA,NA,NA,NA,NA,NA,0.01,NA,NA,NA,NA,NA,NA,NA,NA,NA,NA,NA,NA,0,NA,NA,NA,NA,NA,NA,NA,NA,"ELISA",1,"LF10609GH"
"96",8899,"LF10610GH","Africa","Western Africa","AFRO/EMRO","GH","Ghana",94,"Central",1326,"",0,"School","Ankwanda/Brenu-Akyinim",1,5.07143,-1.39185,"Postintervention","No","No","2010-on",2012,2012,9,"TAS","Wuchereria bancrofti","Both","Children",6,11,"GHA0019LF","Owusu IO, de Souza DK, Anto F, Wilson MD, Boakye DA, Bockarie MJ and Gyapong JO ","Published paper",2015,"Yes","Evaluation of human and mosquito based diagnostic tools for defining endpoints for elimination of Anopheles transmitted lymphatic filariasis in Ghana",NA,NA,NA,NA,NA,NA,NA,NA,NA,NA,NA,NA,300,NA,NA,NA,NA,NA,NA,NA,NA,NA,NA,NA,NA,308,NA,NA,NA,NA,NA,NA,NA,NA,NA,NA,NA,NA,0,NA,NA,NA,NA,NA,NA,NA,NA,NA,NA,NA,NA,0,NA,NA,NA,NA,NA,NA,NA,NA,NA,NA,NA,NA,0,"PCR",1,"LF10610GH"
