"","Reference","Author","Year"
"1","Programme to Eliminate Lymphatic Filariasis. Country Report WHO; BFA0020_LF2010","Burkina Faso Ministry of Health",2010
"2","Programme to Eliminate Lymphatic Filariasis. Country Report WHO; BFA0020_LF2010","Burkina Faso Ministry of Health",2010
"3","Programme to Eliminate Lymphatic Filariasis. Country Report WHO; BFA0020_LF2010","Burkina Faso Ministry of Health",2010
"4","Programme to Eliminate Lymphatic Filariasis. Country Report WHO; BFA0020_LF2010","Burkina Faso Ministry of Health",2010
"5","Epidemiological assessment of neglected diseases in children: lymphatic filariasis and soil-transmitted helminthiasis","Aguiar-Santos AM, Medeiros Z, Bonfim C, Rocha AC, Brandao E, Miranda T, Oliveira P and Sarinho ES",2013
"6","Programme to Eliminate Lymphatic Filariasis. Country Report WHO; CIV0003_LF2009","Cote d'Ivoire Ministry of Health",2009
"7","Programme to Eliminate Lymphatic Filariasis. Country Report WHO; CIV0003_LF2009","Cote d'Ivoire Ministry of Health",2009
"8","Programme to Eliminate Lymphatic Filariasis. Country Report WHO; CIV0003_LF2009","Cote d'Ivoire Ministry of Health",2009
"9","Changes in Wuchereria bancrofti infection in a highly endemic community following 10 rounds of mass administration of diethylcarbamazine","Ramaiah KD, Vanamail P and Das PK",2007
"10","A comprehensive assessment of lymphatic filariasis inSri Lanka six years after cessation of mass drug administration","Rao RU, Nagodavithana KC, Samarasekera SD, Wijegunawardana AD, Premakumara WD, Perera SN, Settinayake S, Miller JP and Weil GJ ",2014
"11","A comprehensive assessment of lymphatic filariasis inSri Lanka six years after cessation of mass drug administration","Rao RU, Nagodavithana KC, Samarasekera SD, Wijegunawardana AD, Premakumara WD, Perera SN, Settinayake S, Miller JP and Weil GJ ",2014
"12","A comprehensive assessment of lymphatic filariasis inSri Lanka six years after cessation of mass drug administration","Rao RU, Nagodavithana KC, Samarasekera SD, Wijegunawardana AD, Premakumara WD, Perera SN, Settinayake S, Miller JP and Weil GJ ",2014
"13","A comprehensive assessment of lymphatic filariasis inSri Lanka six years after cessation of mass drug administration","Rao RU, Nagodavithana KC, Samarasekera SD, Wijegunawardana AD, Premakumara WD, Perera SN, Settinayake S, Miller JP and Weil GJ ",2014
"14","A comprehensive assessment of lymphatic filariasis inSri Lanka six years after cessation of mass drug administration","Rao RU, Nagodavithana KC, Samarasekera SD, Wijegunawardana AD, Premakumara WD, Perera SN, Settinayake S, Miller JP and Weil GJ ",2014
"15","A comprehensive assessment of lymphatic filariasis inSri Lanka six years after cessation of mass drug administration","Rao RU, Nagodavithana KC, Samarasekera SD, Wijegunawardana AD, Premakumara WD, Perera SN, Settinayake S, Miller JP and Weil GJ ",2014
"16","A comprehensive assessment of lymphatic filariasis inSri Lanka six years after cessation of mass drug administration","Rao RU, Nagodavithana KC, Samarasekera SD, Wijegunawardana AD, Premakumara WD, Perera SN, Settinayake S, Miller JP and Weil GJ ",2014
"17","A comprehensive assessment of lymphatic filariasis inSri Lanka six years after cessation of mass drug administration","Rao RU, Nagodavithana KC, Samarasekera SD, Wijegunawardana AD, Premakumara WD, Perera SN, Settinayake S, Miller JP and Weil GJ ",2014
"18","A comprehensive assessment of lymphatic filariasis inSri Lanka six years after cessation of mass drug administration","Rao RU, Nagodavithana KC, Samarasekera SD, Wijegunawardana AD, Premakumara WD, Perera SN, Settinayake S, Miller JP and Weil GJ ",2014
"19","A comprehensive assessment of lymphatic filariasis inSri Lanka six years after cessation of mass drug administration","Rao RU, Nagodavithana KC, Samarasekera SD, Wijegunawardana AD, Premakumara WD, Perera SN, Settinayake S, Miller JP and Weil GJ ",2014
"20","A comprehensive assessment of lymphatic filariasis inSri Lanka six years after cessation of mass drug administration","Rao RU, Nagodavithana KC, Samarasekera SD, Wijegunawardana AD, Premakumara WD, Perera SN, Settinayake S, Miller JP and Weil GJ ",2014
"21","A comprehensive assessment of lymphatic filariasis inSri Lanka six years after cessation of mass drug administration","Rao RU, Nagodavithana KC, Samarasekera SD, Wijegunawardana AD, Premakumara WD, Perera SN, Settinayake S, Miller JP and Weil GJ ",2014
"22","A comprehensive assessment of lymphatic filariasis inSri Lanka six years after cessation of mass drug administration","Rao RU, Nagodavithana KC, Samarasekera SD, Wijegunawardana AD, Premakumara WD, Perera SN, Settinayake S, Miller JP and Weil GJ ",2014
"23","A comprehensive assessment of lymphatic filariasis inSri Lanka six years after cessation of mass drug administration","Rao RU, Nagodavithana KC, Samarasekera SD, Wijegunawardana AD, Premakumara WD, Perera SN, Settinayake S, Miller JP and Weil GJ ",2014
"24","A comprehensive assessment of lymphatic filariasis inSri Lanka six years after cessation of mass drug administration","Rao RU, Nagodavithana KC, Samarasekera SD, Wijegunawardana AD, Premakumara WD, Perera SN, Settinayake S, Miller JP and Weil GJ ",2014
"25","A comprehensive assessment of lymphatic filariasis inSri Lanka six years after cessation of mass drug administration","Rao RU, Nagodavithana KC, Samarasekera SD, Wijegunawardana AD, Premakumara WD, Perera SN, Settinayake S, Miller JP and Weil GJ ",2014
"26","A comprehensive assessment of lymphatic filariasis inSri Lanka six years after cessation of mass drug administration","Rao RU, Nagodavithana KC, Samarasekera SD, Wijegunawardana AD, Premakumara WD, Perera SN, Settinayake S, Miller JP and Weil GJ ",2014
"27","A comprehensive assessment of lymphatic filariasis inSri Lanka six years after cessation of mass drug administration","Rao RU, Nagodavithana KC, Samarasekera SD, Wijegunawardana AD, Premakumara WD, Perera SN, Settinayake S, Miller JP and Weil GJ ",2014
"28","A comprehensive assessment of lymphatic filariasis inSri Lanka six years after cessation of mass drug administration","Rao RU, Nagodavithana KC, Samarasekera SD, Wijegunawardana AD, Premakumara WD, Perera SN, Settinayake S, Miller JP and Weil GJ ",2014
"29","Programme to Eliminate Lymphatic Filariasis. Country Report WHO; NER0008_LF2008","Niger Ministry of Health",2008
"30","Programme to Eliminate Lymphatic Filariasis. Country Report WHO; NER0008_LF2008","Niger Ministry of Health",2008
"31","Programme to Eliminate Lymphatic Filariasis. Country Report WHO; NER0009_LF2009","Niger Ministry of Health",2009
"32","Programme to Eliminate Lymphatic Filariasis. Country Report WHO; NER0009_LF2009","Niger Ministry of Health",2009
"33","Programme to Eliminate Lymphatic Filariasis. Country Report WHO; NGA0014_LF2009","Nigeria Ministry of Health",2009
"34","Programme to Eliminate Lymphatic Filariasis. Country Report WHO; NGA0014_LF2009","Nigeria Ministry of Health",2009
"35","Programme to Eliminate Lymphatic Filariasis. Country Report WHO; NGA0014_LF2009","Nigeria Ministry of Health",2009
"36","Programme to Eliminate Lymphatic Filariasis. Country Report WHO; NGA0016_LF2010","Nigeria Ministry of Health",2010
"37","Programme to Eliminate Lymphatic Filariasis. Country Report WHO; NGA0016_LF2010","Nigeria Ministry of Health",2010
"38","Programme to Eliminate Lymphatic Filariasis. Country Report WHO; NGA0016_LF2010","Nigeria Ministry of Health",2010
"39","Epidemiological and entomological evaluations after six years or more of mass drug administration for lymphatic filariasis elimination in Nigeria","Richards FO, Eigege A, Miri ES, Kal A, Umaru J, Pam D, Rakers LJ, Sambo Y, Danboyi J, Ibrahim B, Adelamo SE, Ogah G, Goshit D, Oyenekan OK, Mathieu E, Withers PC, Saka YA, Jiya J and Hopkins DR",2011
"40","Epidemiological and entomological evaluations after six years or more of mass drug administration for lymphatic filariasis elimination in Nigeria","Richards FO, Eigege A, Miri ES, Kal A, Umaru J, Pam D, Rakers LJ, Sambo Y, Danboyi J, Ibrahim B, Adelamo SE, Ogah G, Goshit D, Oyenekan OK, Mathieu E, Withers PC, Saka YA, Jiya J and Hopkins DR",2011
"41","Epidemiological and entomological evaluations after six years or more of mass drug administration for lymphatic filariasis elimination in Nigeria","Richards FO, Eigege A, Miri ES, Kal A, Umaru J, Pam D, Rakers LJ, Sambo Y, Danboyi J, Ibrahim B, Adelamo SE, Ogah G, Goshit D, Oyenekan OK, Mathieu E, Withers PC, Saka YA, Jiya J and Hopkins DR",2011
"42","Epidemiological and entomological evaluations after six years or more of mass drug administration for lymphatic filariasis elimination in Nigeria","Richards FO, Eigege A, Miri ES, Kal A, Umaru J, Pam D, Rakers LJ, Sambo Y, Danboyi J, Ibrahim B, Adelamo SE, Ogah G, Goshit D, Oyenekan OK, Mathieu E, Withers PC, Saka YA, Jiya J and Hopkins DR",2011
"43","Epidemiological and entomological evaluations after six years or more of mass drug administration for lymphatic filariasis elimination in Nigeria","Richards FO, Eigege A, Miri ES, Kal A, Umaru J, Pam D, Rakers LJ, Sambo Y, Danboyi J, Ibrahim B, Adelamo SE, Ogah G, Goshit D, Oyenekan OK, Mathieu E, Withers PC, Saka YA, Jiya J and Hopkins DR",2011
"44","Epidemiological and entomological evaluations after six years or more of mass drug administration for lymphatic filariasis elimination in Nigeria","Richards FO, Eigege A, Miri ES, Kal A, Umaru J, Pam D, Rakers LJ, Sambo Y, Danboyi J, Ibrahim B, Adelamo SE, Ogah G, Goshit D, Oyenekan OK, Mathieu E, Withers PC, Saka YA, Jiya J and Hopkins DR",2011
"45","Epidemiological and entomological evaluations after six years or more of mass drug administration for lymphatic filariasis elimination in Nigeria","Richards FO, Eigege A, Miri ES, Kal A, Umaru J, Pam D, Rakers LJ, Sambo Y, Danboyi J, Ibrahim B, Adelamo SE, Ogah G, Goshit D, Oyenekan OK, Mathieu E, Withers PC, Saka YA, Jiya J and Hopkins DR",2011
"46","Epidemiological and entomological evaluations after six years or more of mass drug administration for lymphatic filariasis elimination in Nigeria","Richards FO, Eigege A, Miri ES, Kal A, Umaru J, Pam D, Rakers LJ, Sambo Y, Danboyi J, Ibrahim B, Adelamo SE, Ogah G, Goshit D, Oyenekan OK, Mathieu E, Withers PC, Saka YA, Jiya J and Hopkins DR",2011
"47","Epidemiological and entomological evaluations after six years or more of mass drug administration for lymphatic filariasis elimination in Nigeria","Richards FO, Eigege A, Miri ES, Kal A, Umaru J, Pam D, Rakers LJ, Sambo Y, Danboyi J, Ibrahim B, Adelamo SE, Ogah G, Goshit D, Oyenekan OK, Mathieu E, Withers PC, Saka YA, Jiya J and Hopkins DR",2011
"48","Epidemiological and entomological evaluations after six years or more of mass drug administration for lymphatic filariasis elimination in Nigeria","Richards FO, Eigege A, Miri ES, Kal A, Umaru J, Pam D, Rakers LJ, Sambo Y, Danboyi J, Ibrahim B, Adelamo SE, Ogah G, Goshit D, Oyenekan OK, Mathieu E, Withers PC, Saka YA, Jiya J and Hopkins DR",2011
"49","Epidemiological and entomological evaluations after six years or more of mass drug administration for lymphatic filariasis elimination in Nigeria","Richards FO, Eigege A, Miri ES, Kal A, Umaru J, Pam D, Rakers LJ, Sambo Y, Danboyi J, Ibrahim B, Adelamo SE, Ogah G, Goshit D, Oyenekan OK, Mathieu E, Withers PC, Saka YA, Jiya J and Hopkins DR",2011
"50","Epidemiological and entomological evaluations after six years or more of mass drug administration for lymphatic filariasis elimination in Nigeria","Richards FO, Eigege A, Miri ES, Kal A, Umaru J, Pam D, Rakers LJ, Sambo Y, Danboyi J, Ibrahim B, Adelamo SE, Ogah G, Goshit D, Oyenekan OK, Mathieu E, Withers PC, Saka YA, Jiya J and Hopkins DR",2011
"51","Epidemiological and entomological evaluations after six years or more of mass drug administration for lymphatic filariasis elimination in Nigeria","Richards FO, Eigege A, Miri ES, Kal A, Umaru J, Pam D, Rakers LJ, Sambo Y, Danboyi J, Ibrahim B, Adelamo SE, Ogah G, Goshit D, Oyenekan OK, Mathieu E, Withers PC, Saka YA, Jiya J and Hopkins DR",2011
"52","Epidemiological and entomological evaluations after six years or more of mass drug administration for lymphatic filariasis elimination in Nigeria","Richards FO, Eigege A, Miri ES, Kal A, Umaru J, Pam D, Rakers LJ, Sambo Y, Danboyi J, Ibrahim B, Adelamo SE, Ogah G, Goshit D, Oyenekan OK, Mathieu E, Withers PC, Saka YA, Jiya J and Hopkins DR",2011
"53","Epidemiological and entomological evaluations after six years or more of mass drug administration for lymphatic filariasis elimination in Nigeria","Richards FO, Eigege A, Miri ES, Kal A, Umaru J, Pam D, Rakers LJ, Sambo Y, Danboyi J, Ibrahim B, Adelamo SE, Ogah G, Goshit D, Oyenekan OK, Mathieu E, Withers PC, Saka YA, Jiya J and Hopkins DR",2011
"54","Epidemiological and entomological evaluations after six years or more of mass drug administration for lymphatic filariasis elimination in Nigeria","Richards FO, Eigege A, Miri ES, Kal A, Umaru J, Pam D, Rakers LJ, Sambo Y, Danboyi J, Ibrahim B, Adelamo SE, Ogah G, Goshit D, Oyenekan OK, Mathieu E, Withers PC, Saka YA, Jiya J and Hopkins DR",2011
"55","Epidemiological and entomological evaluations after six years or more of mass drug administration for lymphatic filariasis elimination in Nigeria","Richards FO, Eigege A, Miri ES, Kal A, Umaru J, Pam D, Rakers LJ, Sambo Y, Danboyi J, Ibrahim B, Adelamo SE, Ogah G, Goshit D, Oyenekan OK, Mathieu E, Withers PC, Saka YA, Jiya J and Hopkins DR",2011
"56","Epidemiological and entomological evaluations after six years or more of mass drug administration for lymphatic filariasis elimination in Nigeria","Richards FO, Eigege A, Miri ES, Kal A, Umaru J, Pam D, Rakers LJ, Sambo Y, Danboyi J, Ibrahim B, Adelamo SE, Ogah G, Goshit D, Oyenekan OK, Mathieu E, Withers PC, Saka YA, Jiya J and Hopkins DR",2011
"57","Epidemiological and entomological evaluations after six years or more of mass drug administration for lymphatic filariasis elimination in Nigeria","Richards FO, Eigege A, Miri ES, Kal A, Umaru J, Pam D, Rakers LJ, Sambo Y, Danboyi J, Ibrahim B, Adelamo SE, Ogah G, Goshit D, Oyenekan OK, Mathieu E, Withers PC, Saka YA, Jiya J and Hopkins DR",2011
"58","Epidemiological and entomological evaluations after six years or more of mass drug administration for lymphatic filariasis elimination in Nigeria","Richards FO, Eigege A, Miri ES, Kal A, Umaru J, Pam D, Rakers LJ, Sambo Y, Danboyi J, Ibrahim B, Adelamo SE, Ogah G, Goshit D, Oyenekan OK, Mathieu E, Withers PC, Saka YA, Jiya J and Hopkins DR",2011
"59","Programme to Eliminate Lymphatic Filariasis. Country Report WHO; TGO0003_LF2001","Togo Ministry of Health",2001
"60","Programme to Eliminate Lymphatic Filariasis. Country Report WHO; TGO0003_LF2001","Togo Ministry of Health",2001
"61","Programme to Eliminate Lymphatic Filariasis. Country Report WHO; TGO0003_LF2001","Togo Ministry of Health",2001
"62","Programme to Eliminate Lymphatic Filariasis. Country Report WHO; TGO0003_LF2001","Togo Ministry of Health",2001
"63","Programme to Eliminate Lymphatic Filariasis. Country Report WHO; TGO0003_LF2001","Togo Ministry of Health",2001
"64","Programme to Eliminate Lymphatic Filariasis. Country Report WHO; TGO0003_LF2001","Togo Ministry of Health",2001
"65","Non-filarial elephantiasis in the Mt. Elgon area (Kapchorwa District) of Uganda","Onapa AW, Simonsen PE and Pedersen EM",2001
"66","Lymphatic filariasis in Uganda: baseline investigations in Lira, Soroti and Katakwi districts","Onapa AW, Simonsen PE, Pedersen EM and Okello DO",2001
"67","Lymphatic filariasis in Uganda: baseline investigations in Lira, Soroti and Katakwi districts","Onapa AW, Simonsen PE, Pedersen EM and Okello DO",2001
"68","Lymphatic filariasis in Uganda: baseline investigations in Lira, Soroti and Katakwi districts","Onapa AW, Simonsen PE, Pedersen EM and Okello DO",2001
"69","Programme to Eliminate Lymphatic Filariasis. Country Report WHO; UGA0014_LF2010","Uganda Ministry of Health",2010
"70","Programme to Eliminate Lymphatic Filariasis. Country Report WHO; UGA0014_LF2010","Uganda Ministry of Health",2010
"71","Programme to Eliminate Lymphatic Filariasis. Country Report WHO; UGA0014_LF2010","Uganda Ministry of Health",2010
"72","Programme to Eliminate Lymphatic Filariasis. Country Report WHO; UGA0014_LF2010","Uganda Ministry of Health",2010
"73","The impact of mass drug administration and long-lasting insecticidal net distribution on Wuchereria bancrofti infection in humans and mosquitoes: an observational study in northern Uganda","Ashton RA, Kyabayinze DJ, Opio T, Auma A, Edwards T, Matwale G, Onapa A, Brooker S and Kolaczinski JH",2011
"74","The impact of mass drug administration and long-lasting insecticidal net distribution on Wuchereria bancrofti infection in humans and mosquitoes: an observational study in northern Uganda","Ashton RA, Kyabayinze DJ, Opio T, Auma A, Edwards T, Matwale G, Onapa A, Brooker S and Kolaczinski JH",2011
"75","The impact of mass drug administration and long-lasting insecticidal net distribution on Wuchereria bancrofti infection in humans and mosquitoes: an observational study in northern Uganda","Ashton RA, Kyabayinze DJ, Opio T, Auma A, Edwards T, Matwale G, Onapa A, Brooker S and Kolaczinski JH",2011
"76","The impact of mass drug administration and long-lasting insecticidal net distribution on Wuchereria bancrofti infection in humans and mosquitoes: an observational study in northern Uganda","Ashton RA, Kyabayinze DJ, Opio T, Auma A, Edwards T, Matwale G, Onapa A, Brooker S and Kolaczinski JH",2011
"77","The impact of mass drug administration and long-lasting insecticidal net distribution on Wuchereria bancrofti infection in humans and mosquitoes: an observational study in northern Uganda","Ashton RA, Kyabayinze DJ, Opio T, Auma A, Edwards T, Matwale G, Onapa A, Brooker S and Kolaczinski JH",2011
"78","The impact of mass drug administration and long-lasting insecticidal net distribution on Wuchereria bancrofti infection in humans and mosquitoes: an observational study in northern Uganda","Ashton RA, Kyabayinze DJ, Opio T, Auma A, Edwards T, Matwale G, Onapa A, Brooker S and Kolaczinski JH",2011
"79","The impact of mass drug administration and long-lasting insecticidal net distribution on Wuchereria bancrofti infection in humans and mosquitoes: an observational study in northern Uganda","Ashton RA, Kyabayinze DJ, Opio T, Auma A, Edwards T, Matwale G, Onapa A, Brooker S and Kolaczinski JH",2011
"80","The impact of mass drug administration and long-lasting insecticidal net distribution on Wuchereria bancrofti infection in humans and mosquitoes: an observational study in northern Uganda","Ashton RA, Kyabayinze DJ, Opio T, Auma A, Edwards T, Matwale G, Onapa A, Brooker S and Kolaczinski JH",2011
"81","The impact of mass drug administration and long-lasting insecticidal net distribution on Wuchereria bancrofti infection in humans and mosquitoes: an observational study in northern Uganda","Ashton RA, Kyabayinze DJ, Opio T, Auma A, Edwards T, Matwale G, Onapa A, Brooker S and Kolaczinski JH",2011
"82","The impact of mass drug administration and long-lasting insecticidal net distribution on Wuchereria bancrofti infection in humans and mosquitoes: an observational study in northern Uganda","Ashton RA, Kyabayinze DJ, Opio T, Auma A, Edwards T, Matwale G, Onapa A, Brooker S and Kolaczinski JH",2011
"83","The impact of mass drug administration and long-lasting insecticidal net distribution on Wuchereria bancrofti infection in humans and mosquitoes: an observational study in northern Uganda","Ashton RA, Kyabayinze DJ, Opio T, Auma A, Edwards T, Matwale G, Onapa A, Brooker S and Kolaczinski JH",2011
"84","The impact of mass drug administration and long-lasting insecticidal net distribution on Wuchereria bancrofti infection in humans and mosquitoes: an observational study in northern Uganda","Ashton RA, Kyabayinze DJ, Opio T, Auma A, Edwards T, Matwale G, Onapa A, Brooker S and Kolaczinski JH",2011
"85","The impact of mass drug administration and long-lasting insecticidal net distribution on Wuchereria bancrofti infection in humans and mosquitoes: an observational study in northern Uganda","Ashton RA, Kyabayinze DJ, Opio T, Auma A, Edwards T, Matwale G, Onapa A, Brooker S and Kolaczinski JH",2011
"86","The impact of mass drug administration and long-lasting insecticidal net distribution on Wuchereria bancrofti infection in humans and mosquitoes: an observational study in northern Uganda","Ashton RA, Kyabayinze DJ, Opio T, Auma A, Edwards T, Matwale G, Onapa A, Brooker S and Kolaczinski JH",2011
"87","Epidemiological assessment of continuing transmission of lymphatic filariasis in Samoa","Joseph H, Maiava F, Naseri T, Silva U, Lammie P and Melrose W",2011
"88","Programme to Eliminate Lymphatic Filariasis. Country Report WHO; BFA0020_LF2010","Burkina Faso Ministry of Health",2010
"89","Programme to Eliminate Lymphatic Filariasis. Country Report WHO; BFA0020_LF2010","Burkina Faso Ministry of Health",2010
"90","Programme to Eliminate Lymphatic Filariasis. Country Report WHO; BFA0020_LF2010","Burkina Faso Ministry of Health",2010
"91","Programme to Eliminate Lymphatic Filariasis. Country Report WHO; BFA0020_LF2010","Burkina Faso Ministry of Health",2010
"92","Programme to Eliminate Lymphatic Filariasis. Country Report WHO; BFA0020_LF2010","Burkina Faso Ministry of Health",2010
"93","Field evaluation of the whole blood immunochromatographic test for rapid bancroftian filariasis diagnosis in the northeast of Brazil","Braga C, Dourado MI, Ximenes RA, Alves L, Brayner F, Rocha A and Alexander N",2003
"94","Bancroftian filariasis in an endemic area of Brazil: differences between genders during puberty","Braga C, Dourado I, Ximenes R, Miranda J and Alexander N",2005
"95","Evaluation of diagnostic tests for Wuchereria bancrofti infection in Brazilian schoolchildren","Oliveira P, Braga C, Alexander N, Brandao E, Silva A, Wanderley L, Aguiar AM, Diniz G, Medeiros Z and Rocha A",2014
"96","A case study of risk factors for lymphatic filariasis in the Republic of Congo","Chesnais CB, Missamou F, Pion SD, Bopda J, Louya F, Majewski AC, Fischer PU, Weil GJ and Boussinesq M ",2014
"97","The impact of two semiannual treatments with albendazole alone on lymphatic filariasis and soil-transmitted helminth infections: a community-based study in the Republic of Congo","Pion SD, Chesnais CB, Bopda J, Louya F, Fischer PU, Majewski AC, Weil GJ, Boussinesq M and Missamou F ",2015
"98","Community diagnosis of Bancroftian filariasis","Faris R, Ramzy RM, Gad AM, Weil GJ and Buck AA",1993
"99","Field evaluation of a rapid-format kit for the diagnosis of bancroftian filariasis in Egypt","Ramzy RM, Helmy H, el-Lethy AS, Kandil AM, Ahmed ES, Weil GJ and Faris R",1999
"100","Field evaluation of a rapid-format kit for the diagnosis of bancroftian filariasis in Egypt","Ramzy RM, Helmy H, el-Lethy AS, Kandil AM, Ahmed ES, Weil GJ and Faris R",1999
"101","Field evaluation of a rapid-format kit for the diagnosis of bancroftian filariasis in Egypt","Ramzy RM, Helmy H, el-Lethy AS, Kandil AM, Ahmed ES, Weil GJ and Faris R",1999
"102","Field evaluation of a rapid-format kit for the diagnosis of bancroftian filariasis in Egypt","Ramzy RM, Helmy H, el-Lethy AS, Kandil AM, Ahmed ES, Weil GJ and Faris R",1999
"103","Effect of yearly mass drug administration with diethylcarbamazine and albendazole on bancroftian filariasis in Egypt: a comprehensive assessment","Ramzy RM, El Setouhy M, Helmy H, Ahmed ES, Abd Elaziz KM, Farid HA, Shannon WD and Weil GJ",2006
"104","Effect of yearly mass drug administration with diethylcarbamazine and albendazole on bancroftian filariasis in Egypt: a comprehensive assessment","Ramzy RM, El Setouhy M, Helmy H, Ahmed ES, Abd Elaziz KM, Farid HA, Shannon WD and Weil GJ",2006
"105","Programme to Eliminate Lymphatic Filariasis. Country Report WHO;GHA0020_LF2001","Ghana Ministry of Health",2001
"106","Programme to Eliminate Lymphatic Filariasis. Country Report WHO;GHA0020_LF2001","Ghana Ministry of Health",2001
"107","Programme to Eliminate Lymphatic Filariasis. Country Report WHO;GHA0020_LF2001","Ghana Ministry of Health",2001
"108","Programme to Eliminate Lymphatic Filariasis. Country Report WHO;GHA0020_LF2001","Ghana Ministry of Health",2001
"109","Programme to Eliminate Lymphatic Filariasis. Country Report WHO;GHA0020_LF2001","Ghana Ministry of Health",2001
"110","Programme to Eliminate Lymphatic Filariasis. Country Report WHO;GHA0020_LF2001","Ghana Ministry of Health",2001
"111","Programme to Eliminate Lymphatic Filariasis. Country Report WHO;GHA0020_LF2001","Ghana Ministry of Health",2001
"112","Programme to Eliminate Lymphatic Filariasis. Country Report WHO;GHA0020_LF2001","Ghana Ministry of Health",2001
"113","Programme to Eliminate Lymphatic Filariasis. Country Report WHO;GHA0020_LF2001","Ghana Ministry of Health",2001
"114","Evaluation of human and mosquito based diagnostic tools for defining endpoints for elimination of Anopheles transmitted lymphatic filariasis in Ghana","Owusu IO, de Souza DK, Anto F, Wilson MD, Boakye DA, Bockarie MJ and Gyapong JO ",2015
"115","Serological investigations in an area of endemic filariasis due to Wuchereria bancrofti and Acanthocheilonema perstans in Gambia, West Africa","Minning W and McFadzean JA",1956
"116","The Leogane, Haiti demonstration project: decreased microfilaremia and program costs after three years of mass drug administration","de Rochars MB, Kanjilal S, Direny AN, Radday J, Lafontant JG, Mathieu E, Rheingans RD, Haddix AC, Streit TG, Beach MJ, Addiss DG and Lammie PJ",2005
"117","The Leogane, Haiti demonstration project: decreased microfilaremia and program costs after three years of mass drug administration","de Rochars MB, Kanjilal S, Direny AN, Radday J, Lafontant JG, Mathieu E, Rheingans RD, Haddix AC, Streit TG, Beach MJ, Addiss DG and Lammie PJ",2005
"118","The Leogane, Haiti demonstration project: decreased microfilaremia and program costs after three years of mass drug administration","de Rochars MB, Kanjilal S, Direny AN, Radday J, Lafontant JG, Mathieu E, Rheingans RD, Haddix AC, Streit TG, Beach MJ, Addiss DG and Lammie PJ",2005
"119","The Leogane, Haiti demonstration project: decreased microfilaremia and program costs after three years of mass drug administration","de Rochars MB, Kanjilal S, Direny AN, Radday J, Lafontant JG, Mathieu E, Rheingans RD, Haddix AC, Streit TG, Beach MJ, Addiss DG and Lammie PJ",2005
"120","A community-based study of factors associated with continuing transmission of lymphatic filariasis in Leogane, Haiti","Boyd A, Won KY, McClintock SK, Donovan CV, Laney SJ, Williams SA, Pilotte N, Streit TG, Beau de Rochars MV and Lammie PJ",2010
"121","A community-based study of factors associated with continuing transmission of lymphatic filariasis in Leogane, Haiti","Boyd A, Won KY, McClintock SK, Donovan CV, Laney SJ, Williams SA, Pilotte N, Streit TG, Beau de Rochars MV and Lammie PJ",2010
"122","A community-based study of factors associated with continuing transmission of lymphatic filariasis in Leogane, Haiti","Boyd A, Won KY, McClintock SK, Donovan CV, Laney SJ, Williams SA, Pilotte N, Streit TG, Beau de Rochars MV and Lammie PJ",2010
"123","A community-based study of factors associated with continuing transmission of lymphatic filariasis in Leogane, Haiti","Boyd A, Won KY, McClintock SK, Donovan CV, Laney SJ, Williams SA, Pilotte N, Streit TG, Beau de Rochars MV and Lammie PJ",2010
"124","A community-based study of factors associated with continuing transmission of lymphatic filariasis in Leogane, Haiti","Boyd A, Won KY, McClintock SK, Donovan CV, Laney SJ, Williams SA, Pilotte N, Streit TG, Beau de Rochars MV and Lammie PJ",2010
"125","A community-based study of factors associated with continuing transmission of lymphatic filariasis in Leogane, Haiti","Boyd A, Won KY, McClintock SK, Donovan CV, Laney SJ, Williams SA, Pilotte N, Streit TG, Beau de Rochars MV and Lammie PJ",2010
"126","Spatial clustering of filarial transmission before and after a Mass Drug Administration in a setting of low infection prevalence","Washington CH, Radday J, Streit TG, Boyd HA, Beach MJ, Addiss DG, Lovince R, Lovegrove MC, Lafontant JG, Lammie Pj and Hightower AW",2014
"127","Immunochromatographic test (ICT) for estimation of true prevalence of bancroftian filariasis in an endemic area in southern India","Sunish IP, Rajendran R, Satyanarayana K, Munirathinam A and Gajanana A",2001
"128","Surveillance of lymphatic filariasis after stopping ten years of mass drug administration in rural communities in south India","Ramaiah KD and Vanamail P",2013
"129","Surveillance of lymphatic filariasis after stopping ten years of mass drug administration in rural communities in south India","Ramaiah KD and Vanamail P",2013
"130","Surveillance of lymphatic filariasis after stopping ten years of mass drug administration in rural communities in south India","Ramaiah KD and Vanamail P",2013
"131","Bancroftian filariasis infection, disease, and specific antibody response patterns in a high and a low endemicity community in East Africa","Simonsen PE, Meyrowitsch DW, Jaoko WG, Malecela MN, Mukoko D, Pedersen EM, Ouma JH, Rwegoshora RT, Masese N, Magnussen P, Estambale BB and Michael E",2002
"132","Molecular technique utilising sputum for detecting Wuchereria bancrofti infections in Malindi, Kenya","Kagai JM, Mpoke S, Muli F, Hamburger J and Kenya EU",2008
"133","Sustained reduction in prevalence of lymphatic filariasis infection in spite of missed rounds of mass drug administration in an area under mosquito nets for malaria control","Njenga SM, Mwandawiro CS, Wamae CN, Mukoko DA, Omar AA, Shimada M, Bockarie MJ and Molyneux DH",2011
"134","Sustained reduction in prevalence of lymphatic filariasis infection in spite of missed rounds of mass drug administration in an area under mosquito nets for malaria control","Njenga SM, Mwandawiro CS, Wamae CN, Mukoko DA, Omar AA, Shimada M, Bockarie MJ and Molyneux DH",2011
"135","Sustained reduction in prevalence of lymphatic filariasis infection in spite of missed rounds of mass drug administration in an area under mosquito nets for malaria control","Njenga SM, Mwandawiro CS, Wamae CN, Mukoko DA, Omar AA, Shimada M, Bockarie MJ and Molyneux DH",2011
"136","Sustained reduction in prevalence of lymphatic filariasis infection in spite of missed rounds of mass drug administration in an area under mosquito nets for malaria control","Njenga SM, Mwandawiro CS, Wamae CN, Mukoko DA, Omar AA, Shimada M, Bockarie MJ and Molyneux DH",2011
"137","Sustained reduction in prevalence of lymphatic filariasis infection in spite of missed rounds of mass drug administration in an area under mosquito nets for malaria control","Njenga SM, Mwandawiro CS, Wamae CN, Mukoko DA, Omar AA, Shimada M, Bockarie MJ and Molyneux DH",2011
"138","Sustained reduction in prevalence of lymphatic filariasis infection in spite of missed rounds of mass drug administration in an area under mosquito nets for malaria control","Njenga SM, Mwandawiro CS, Wamae CN, Mukoko DA, Omar AA, Shimada M, Bockarie MJ and Molyneux DH",2011
"139","Sustained reduction in prevalence of lymphatic filariasis infection in spite of missed rounds of mass drug administration in an area under mosquito nets for malaria control","Njenga SM, Mwandawiro CS, Wamae CN, Mukoko DA, Omar AA, Shimada M, Bockarie MJ and Molyneux DH",2011
"140","Sustained reduction in prevalence of lymphatic filariasis infection in spite of missed rounds of mass drug administration in an area under mosquito nets for malaria control","Njenga SM, Mwandawiro CS, Wamae CN, Mukoko DA, Omar AA, Shimada M, Bockarie MJ and Molyneux DH",2011
"141","Sustained reduction in prevalence of lymphatic filariasis infection in spite of missed rounds of mass drug administration in an area under mosquito nets for malaria control","Njenga SM, Mwandawiro CS, Wamae CN, Mukoko DA, Omar AA, Shimada M, Bockarie MJ and Molyneux DH",2011
"142","Sustained reduction in prevalence of lymphatic filariasis infection in spite of missed rounds of mass drug administration in an area under mosquito nets for malaria control","Njenga SM, Mwandawiro CS, Wamae CN, Mukoko DA, Omar AA, Shimada M, Bockarie MJ and Molyneux DH",2011
"143","Sustained reduction in prevalence of lymphatic filariasis infection in spite of missed rounds of mass drug administration in an area under mosquito nets for malaria control","Njenga SM, Mwandawiro CS, Wamae CN, Mukoko DA, Omar AA, Shimada M, Bockarie MJ and Molyneux DH",2011
"144","Sustained reduction in prevalence of lymphatic filariasis infection in spite of missed rounds of mass drug administration in an area under mosquito nets for malaria control","Njenga SM, Mwandawiro CS, Wamae CN, Mukoko DA, Omar AA, Shimada M, Bockarie MJ and Molyneux DH",2011
"145","Sustained reduction in prevalence of lymphatic filariasis infection in spite of missed rounds of mass drug administration in an area under mosquito nets for malaria control","Njenga SM, Mwandawiro CS, Wamae CN, Mukoko DA, Omar AA, Shimada M, Bockarie MJ and Molyneux DH",2011
"146","Sustained reduction in prevalence of lymphatic filariasis infection in spite of missed rounds of mass drug administration in an area under mosquito nets for malaria control","Njenga SM, Mwandawiro CS, Wamae CN, Mukoko DA, Omar AA, Shimada M, Bockarie MJ and Molyneux DH",2011
"147","Sustained reduction in prevalence of lymphatic filariasis infection in spite of missed rounds of mass drug administration in an area under mosquito nets for malaria control","Njenga SM, Mwandawiro CS, Wamae CN, Mukoko DA, Omar AA, Shimada M, Bockarie MJ and Molyneux DH",2011
"148","Sustained reduction in prevalence of lymphatic filariasis infection in spite of missed rounds of mass drug administration in an area under mosquito nets for malaria control","Njenga SM, Mwandawiro CS, Wamae CN, Mukoko DA, Omar AA, Shimada M, Bockarie MJ and Molyneux DH",2011
"149","Evaluation of the ICT whole-blood Wuchereria bancrofii in Sri Lanka card test to detect infection due to","Chandrasena TGAN and Premaratnal R",2002
"150","Evaluation of the ICT whole-blood Wuchereria bancrofii in Sri Lanka card test to detect infection due to","Chandrasena TGAN and Premaratnal R",2002
"151","Wuchereria bancrofti transmission pattern in southern Mali prior to and following the institution of mass drug administration","Coulibaly YI, Dembele B, Diallo AA, Kristensen S, Konate S, Dolo H, Dicko I, Sangare MB, Keita F, Boatin BA, et al",2015
"152","Wuchereria bancrofti transmission pattern in southern Mali prior to and following the institution of mass drug administration","Coulibaly YI, Dembele B, Diallo AA, Kristensen S, Konate S, Dolo H, Dicko I, Sangare MB, Keita F, Boatin BA, et al",2015
"153","Wuchereria bancrofti transmission pattern in southern Mali prior to and following the institution of mass drug administration","Coulibaly YI, Dembele B, Diallo AA, Kristensen S, Konate S, Dolo H, Dicko I, Sangare MB, Keita F, Boatin BA, et al",2015
"154","Wuchereria bancrofti transmission pattern in southern Mali prior to and following the institution of mass drug administration","Coulibaly YI, Dembele B, Diallo AA, Kristensen S, Konate S, Dolo H, Dicko I, Sangare MB, Keita F, Boatin BA, et al",2015
"155","Wuchereria bancrofti transmission pattern in southern Mali prior to and following the institution of mass drug administration","Coulibaly YI, Dembele B, Diallo AA, Kristensen S, Konate S, Dolo H, Dicko I, Sangare MB, Keita F, Boatin BA, et al",2015
"156","Wuchereria bancrofti transmission pattern in southern Mali prior to and following the institution of mass drug administration","Coulibaly YI, Dembele B, Diallo AA, Kristensen S, Konate S, Dolo H, Dicko I, Sangare MB, Keita F, Boatin BA, et al",2015
"157","Lymphatic filariasis in Lower Shire, southern Malawi","Nielsen NO, Makaula P, Nyakuipa D, Bloch P, Nyasulu Y and Simonsen PE",2002
"158","Lymphatic filariasis in Lower Shire, southern Malawi","Nielsen NO, Makaula P, Nyakuipa D, Bloch P, Nyasulu Y and Simonsen PE",2002
"159","Programme to Eliminate Lymphatic Filariasis. Country Report WHO; MWI0009_LF2016","Malawi Ministry of Health",2016
"160","Programme to Eliminate Lymphatic Filariasis. Country Report WHO; MWI0009_LF2016","Malawi Ministry of Health",2016
"161","Programme to Eliminate Lymphatic Filariasis. Country Report WHO; MWI0009_LF2016","Malawi Ministry of Health",2016
"162","Programme to Eliminate Lymphatic Filariasis. Country Report WHO; MWI0009_LF2016","Malawi Ministry of Health",2016
"163","Programme to Eliminate Lymphatic Filariasis. Country Report WHO; MWI0009_LF2016","Malawi Ministry of Health",2016
"164","Programme to Eliminate Lymphatic Filariasis. Country Report WHO; MWI0009_LF2016","Malawi Ministry of Health",2016
"165","Programme to Eliminate Lymphatic Filariasis. Country Report WHO; MWI0009_LF2016","Malawi Ministry of Health",2016
"166","Programme to Eliminate Lymphatic Filariasis. Country Report WHO; MWI0009_LF2016","Malawi Ministry of Health",2016
"167","Programme to Eliminate Lymphatic Filariasis. Country Report WHO; MWI0009_LF2016","Malawi Ministry of Health",2016
"168","Programme to Eliminate Lymphatic Filariasis. Country Report WHO; MWI0009_LF2016","Malawi Ministry of Health",2016
"169","Programme to Eliminate Lymphatic Filariasis. Country Report WHO; MWI0009_LF2016","Malawi Ministry of Health",2016
"170","Programme to Eliminate Lymphatic Filariasis. Country Report WHO; MWI0009_LF2016","Malawi Ministry of Health",2016
"171","Programme to Eliminate Lymphatic Filariasis. Country Report WHO; MWI0009_LF2016","Malawi Ministry of Health",2016
"172","Programme to Eliminate Lymphatic Filariasis. Country Report WHO; MWI0009_LF2016","Malawi Ministry of Health",2016
"173","Programme to Eliminate Lymphatic Filariasis. Country Report WHO; MWI0009_LF2016","Malawi Ministry of Health",2016
"174","Programme to Eliminate Lymphatic Filariasis. Country Report WHO; MWI0009_LF2016","Malawi Ministry of Health",2016
"175","Programme to Eliminate Lymphatic Filariasis. Country Report WHO; MWI0009_LF2016","Malawi Ministry of Health",2016
"176","Programme to Eliminate Lymphatic Filariasis. Country Report WHO; MWI0009_LF2016","Malawi Ministry of Health",2016
"177","Programme to Eliminate Lymphatic Filariasis. Country Report WHO; MWI0009_LF2016","Malawi Ministry of Health",2016
"178","Programme to Eliminate Lymphatic Filariasis. Country Report WHO; MWI0009_LF2016","Malawi Ministry of Health",2016
"179","Programme to Eliminate Lymphatic Filariasis. Country Report WHO; MWI0009_LF2016","Malawi Ministry of Health",2016
"180","Programme to Eliminate Lymphatic Filariasis. Country Report WHO; MWI0009_LF2016","Malawi Ministry of Health",2016
"181","Programme to Eliminate Lymphatic Filariasis. Country Report WHO; MWI0009_LF2016","Malawi Ministry of Health",2016
"182","Programme to Eliminate Lymphatic Filariasis. Country Report WHO; MWI0009_LF2016","Malawi Ministry of Health",2016
"183","Programme to Eliminate Lymphatic Filariasis. Country Report WHO; MWI0009_LF2016","Malawi Ministry of Health",2016
"184","Programme to Eliminate Lymphatic Filariasis. Country Report WHO; MWI0009_LF2016","Malawi Ministry of Health",2016
"185","Programme to Eliminate Lymphatic Filariasis. Country Report WHO; MWI0009_LF2016","Malawi Ministry of Health",2016
"186","Programme to Eliminate Lymphatic Filariasis. Country Report WHO; MWI0009_LF2016","Malawi Ministry of Health",2016
"187","Programme to Eliminate Lymphatic Filariasis. Country Report WHO; MWI0009_LF2016","Malawi Ministry of Health",2016
"188","Programme to Eliminate Lymphatic Filariasis. Country Report WHO; MWI0009_LF2016","Malawi Ministry of Health",2016
"189","Programme to Eliminate Lymphatic Filariasis. Country Report WHO; MWI0009_LF2016","Malawi Ministry of Health",2016
"190","Programme to Eliminate Lymphatic Filariasis. Country Report WHO; MWI0009_LF2016","Malawi Ministry of Health",2016
"191","Programme to Eliminate Lymphatic Filariasis. Country Report WHO; MWI0009_LF2016","Malawi Ministry of Health",2016
"192","Programme to Eliminate Lymphatic Filariasis. Country Report WHO; MWI0009_LF2016","Malawi Ministry of Health",2016
"193","Programme to Eliminate Lymphatic Filariasis. Country Report WHO; MWI0009_LF2016","Malawi Ministry of Health",2016
"194","Programme to Eliminate Lymphatic Filariasis. Country Report WHO; MWI0009_LF2016","Malawi Ministry of Health",2016
"195","Programme to Eliminate Lymphatic Filariasis. Country Report WHO; MWI0009_LF2016","Malawi Ministry of Health",2016
"196","Programme to Eliminate Lymphatic Filariasis. Country Report WHO; MWI0009_LF2016","Malawi Ministry of Health",2016
"197","Programme to Eliminate Lymphatic Filariasis. Country Report WHO; MWI0009_LF2016","Malawi Ministry of Health",2016
"198","Programme to Eliminate Lymphatic Filariasis. Country Report WHO; MWI0009_LF2016","Malawi Ministry of Health",2016
"199","Programme to Eliminate Lymphatic Filariasis. Country Report WHO; MWI0009_LF2016","Malawi Ministry of Health",2016
"200","Programme to Eliminate Lymphatic Filariasis. Country Report WHO; MWI0009_LF2016","Malawi Ministry of Health",2016
"201","Programme to Eliminate Lymphatic Filariasis. Country Report WHO; MWI0009_LF2016","Malawi Ministry of Health",2016
"202","Programme to Eliminate Lymphatic Filariasis. Country Report WHO; MWI0009_LF2016","Malawi Ministry of Health",2016
"203","Global Programme to Eliminate Lymphatic Filariasis. Annual Report on Lymphatic Filariasis 2003","WHO",2005
"204","Programme to Eliminate Lymphatic Filariasis. Country Report WHO; NGA0004_LF2004","Nigeria Ministry of Health",2004
"205","Programme to Eliminate Lymphatic Filariasis. Country Report WHO; NGA0004_LF2004","Nigeria Ministry of Health",2004
"206","Programme to Eliminate Lymphatic Filariasis. Country Report WHO; NGA0004_LF2004","Nigeria Ministry of Health",2004
"207","Programme to Eliminate Lymphatic Filariasis. Country Report WHO; NGA0004_LF2004","Nigeria Ministry of Health",2004
"208","Programme to Eliminate Lymphatic Filariasis. Country Report WHO; NGA0004_LF2004","Nigeria Ministry of Health",2004
"209","Programme to Eliminate Lymphatic Filariasis. Country Report WHO; NGA0004_LF2004","Nigeria Ministry of Health",2004
"210","Programme to Eliminate Lymphatic Filariasis. Country Report WHO; NGA0004_LF2004","Nigeria Ministry of Health",2004
"211","Programme to Eliminate Lymphatic Filariasis. Country Report WHO; NGA0004_LF2004","Nigeria Ministry of Health",2004
"212","Programme to Eliminate Lymphatic Filariasis. Country Report WHO; NGA0004_LF2004","Nigeria Ministry of Health",2004
"213","Programme to Eliminate Lymphatic Filariasis. Country Report WHO; NGA0007_LF2006","Nigeria Ministry of Health",2006
"214","Programme to Eliminate Lymphatic Filariasis. Country Report WHO; NGA0007_LF2006","Nigeria Ministry of Health",2006
"215","Programme to Eliminate Lymphatic Filariasis. Country Report WHO; NGA0007_LF2006","Nigeria Ministry of Health",2006
"216","Programme to Eliminate Lymphatic Filariasis. Country Report WHO; NGA0007_LF2006","Nigeria Ministry of Health",2006
"217","Programme to Eliminate Lymphatic Filariasis. Country Report WHO; NGA0007_LF2006","Nigeria Ministry of Health",2006
"218","Programme to Eliminate Lymphatic Filariasis. Country Report WHO; NGA0007_LF2006","Nigeria Ministry of Health",2006
"219","Programme to Eliminate Lymphatic Filariasis. Country Report WHO; NGA0007_LF2006","Nigeria Ministry of Health",2006
"220","Programme to Eliminate Lymphatic Filariasis. Country Report WHO; NGA0007_LF2006","Nigeria Ministry of Health",2006
"221","Programme to Eliminate Lymphatic Filariasis. Country Report WHO; NGA0007_LF2006","Nigeria Ministry of Health",2006
"222","Programme to Eliminate Lymphatic Filariasis. Country Report WHO; NGA0013_LF2008","Nigeria Ministry of Health",2008
"223","Programme to Eliminate Lymphatic Filariasis. Country Report WHO; NGA0013_LF2008","Nigeria Ministry of Health",2008
"224","Programme to Eliminate Lymphatic Filariasis. Country Report WHO; NGA0013_LF2008","Nigeria Ministry of Health",2008
"225","Programme to Eliminate Lymphatic Filariasis. Country Report WHO; NGA0013_LF2008","Nigeria Ministry of Health",2008
"226","Programme to Eliminate Lymphatic Filariasis. Country Report WHO; NGA0013_LF2008","Nigeria Ministry of Health",2008
"227","Programme to Eliminate Lymphatic Filariasis. Country Report WHO; NGA0013_LF2008","Nigeria Ministry of Health",2008
"228","Programme to Eliminate Lymphatic Filariasis. Country Report WHO; NGA0013_LF2008","Nigeria Ministry of Health",2008
"229","Programme to Eliminate Lymphatic Filariasis. Country Report WHO; NGA0013_LF2008","Nigeria Ministry of Health",2008
"230","Programme to Eliminate Lymphatic Filariasis. Country Report WHO; NGA0013_LF2008","Nigeria Ministry of Health",2008
"231","Programme to Eliminate Lymphatic Filariasis. Country Report WHO; NGA0013_LF2008","Nigeria Ministry of Health",2008
"232","Epidemiological and entomological evaluations after six years or more of mass drug administration for lymphatic filariasis elimination in Nigeria","Richards FO, Eigege A, Miri ES, Kal A, Umaru J, Pam D, Rakers LJ, Sambo Y, Danboyi J, Ibrahim B, Adelamo SE, Ogah G, Goshit D, Oyenekan OK, Mathieu E, Withers PC, Saka YA, Jiya J and Hopkins DR",2011
"233","Epidemiological and entomological evaluations after six years or more of mass drug administration for lymphatic filariasis elimination in Nigeria","Richards FO, Eigege A, Miri ES, Kal A, Umaru J, Pam D, Rakers LJ, Sambo Y, Danboyi J, Ibrahim B, Adelamo SE, Ogah G, Goshit D, Oyenekan OK, Mathieu E, Withers PC, Saka YA, Jiya J and Hopkins DR",2011
"234","Epidemiological and entomological evaluations after six years or more of mass drug administration for lymphatic filariasis elimination in Nigeria","Richards FO, Eigege A, Miri ES, Kal A, Umaru J, Pam D, Rakers LJ, Sambo Y, Danboyi J, Ibrahim B, Adelamo SE, Ogah G, Goshit D, Oyenekan OK, Mathieu E, Withers PC, Saka YA, Jiya J and Hopkins DR",2011
"235","Epidemiological and entomological evaluations after six years or more of mass drug administration for lymphatic filariasis elimination in Nigeria","Richards FO, Eigege A, Miri ES, Kal A, Umaru J, Pam D, Rakers LJ, Sambo Y, Danboyi J, Ibrahim B, Adelamo SE, Ogah G, Goshit D, Oyenekan OK, Mathieu E, Withers PC, Saka YA, Jiya J and Hopkins DR",2011
"236","Epidemiological and entomological evaluations after six years or more of mass drug administration for lymphatic filariasis elimination in Nigeria","Richards FO, Eigege A, Miri ES, Kal A, Umaru J, Pam D, Rakers LJ, Sambo Y, Danboyi J, Ibrahim B, Adelamo SE, Ogah G, Goshit D, Oyenekan OK, Mathieu E, Withers PC, Saka YA, Jiya J and Hopkins DR",2011
"237","Epidemiological and entomological evaluations after six years or more of mass drug administration for lymphatic filariasis elimination in Nigeria","Richards FO, Eigege A, Miri ES, Kal A, Umaru J, Pam D, Rakers LJ, Sambo Y, Danboyi J, Ibrahim B, Adelamo SE, Ogah G, Goshit D, Oyenekan OK, Mathieu E, Withers PC, Saka YA, Jiya J and Hopkins DR",2011
"238","Epidemiological and entomological evaluations after six years or more of mass drug administration for lymphatic filariasis elimination in Nigeria","Richards FO, Eigege A, Miri ES, Kal A, Umaru J, Pam D, Rakers LJ, Sambo Y, Danboyi J, Ibrahim B, Adelamo SE, Ogah G, Goshit D, Oyenekan OK, Mathieu E, Withers PC, Saka YA, Jiya J and Hopkins DR",2011
"239","Epidemiological and entomological evaluations after six years or more of mass drug administration for lymphatic filariasis elimination in Nigeria","Richards FO, Eigege A, Miri ES, Kal A, Umaru J, Pam D, Rakers LJ, Sambo Y, Danboyi J, Ibrahim B, Adelamo SE, Ogah G, Goshit D, Oyenekan OK, Mathieu E, Withers PC, Saka YA, Jiya J and Hopkins DR",2011
"240","Epidemiological and entomological evaluations after six years or more of mass drug administration for lymphatic filariasis elimination in Nigeria","Richards FO, Eigege A, Miri ES, Kal A, Umaru J, Pam D, Rakers LJ, Sambo Y, Danboyi J, Ibrahim B, Adelamo SE, Ogah G, Goshit D, Oyenekan OK, Mathieu E, Withers PC, Saka YA, Jiya J and Hopkins DR",2011
"241","Epidemiological and entomological evaluations after six years or more of mass drug administration for lymphatic filariasis elimination in Nigeria","Richards FO, Eigege A, Miri ES, Kal A, Umaru J, Pam D, Rakers LJ, Sambo Y, Danboyi J, Ibrahim B, Adelamo SE, Ogah G, Goshit D, Oyenekan OK, Mathieu E, Withers PC, Saka YA, Jiya J and Hopkins DR",2011
"242","Epidemiological and entomological evaluations after six years or more of mass drug administration for lymphatic filariasis elimination in Nigeria","Richards FO, Eigege A, Miri ES, Kal A, Umaru J, Pam D, Rakers LJ, Sambo Y, Danboyi J, Ibrahim B, Adelamo SE, Ogah G, Goshit D, Oyenekan OK, Mathieu E, Withers PC, Saka YA, Jiya J and Hopkins DR",2011
"243","Epidemiological and entomological evaluations after six years or more of mass drug administration for lymphatic filariasis elimination in Nigeria","Richards FO, Eigege A, Miri ES, Kal A, Umaru J, Pam D, Rakers LJ, Sambo Y, Danboyi J, Ibrahim B, Adelamo SE, Ogah G, Goshit D, Oyenekan OK, Mathieu E, Withers PC, Saka YA, Jiya J and Hopkins DR",2011
"244","Epidemiological and entomological evaluations after six years or more of mass drug administration for lymphatic filariasis elimination in Nigeria","Richards FO, Eigege A, Miri ES, Kal A, Umaru J, Pam D, Rakers LJ, Sambo Y, Danboyi J, Ibrahim B, Adelamo SE, Ogah G, Goshit D, Oyenekan OK, Mathieu E, Withers PC, Saka YA, Jiya J and Hopkins DR",2011
"245","Epidemiological and entomological evaluations after six years or more of mass drug administration for lymphatic filariasis elimination in Nigeria","Richards FO, Eigege A, Miri ES, Kal A, Umaru J, Pam D, Rakers LJ, Sambo Y, Danboyi J, Ibrahim B, Adelamo SE, Ogah G, Goshit D, Oyenekan OK, Mathieu E, Withers PC, Saka YA, Jiya J and Hopkins DR",2011
"246","Epidemiological and entomological evaluations after six years or more of mass drug administration for lymphatic filariasis elimination in Nigeria","Richards FO, Eigege A, Miri ES, Kal A, Umaru J, Pam D, Rakers LJ, Sambo Y, Danboyi J, Ibrahim B, Adelamo SE, Ogah G, Goshit D, Oyenekan OK, Mathieu E, Withers PC, Saka YA, Jiya J and Hopkins DR",2011
"247","Epidemiological and entomological evaluations after six years or more of mass drug administration for lymphatic filariasis elimination in Nigeria","Richards FO, Eigege A, Miri ES, Kal A, Umaru J, Pam D, Rakers LJ, Sambo Y, Danboyi J, Ibrahim B, Adelamo SE, Ogah G, Goshit D, Oyenekan OK, Mathieu E, Withers PC, Saka YA, Jiya J and Hopkins DR",2011
"248","Epidemiological and entomological evaluations after six years or more of mass drug administration for lymphatic filariasis elimination in Nigeria","Richards FO, Eigege A, Miri ES, Kal A, Umaru J, Pam D, Rakers LJ, Sambo Y, Danboyi J, Ibrahim B, Adelamo SE, Ogah G, Goshit D, Oyenekan OK, Mathieu E, Withers PC, Saka YA, Jiya J and Hopkins DR",2011
"249","Epidemiological and entomological evaluations after six years or more of mass drug administration for lymphatic filariasis elimination in Nigeria","Richards FO, Eigege A, Miri ES, Kal A, Umaru J, Pam D, Rakers LJ, Sambo Y, Danboyi J, Ibrahim B, Adelamo SE, Ogah G, Goshit D, Oyenekan OK, Mathieu E, Withers PC, Saka YA, Jiya J and Hopkins DR",2011
"250","Epidemiological and entomological evaluations after six years or more of mass drug administration for lymphatic filariasis elimination in Nigeria","Richards FO, Eigege A, Miri ES, Kal A, Umaru J, Pam D, Rakers LJ, Sambo Y, Danboyi J, Ibrahim B, Adelamo SE, Ogah G, Goshit D, Oyenekan OK, Mathieu E, Withers PC, Saka YA, Jiya J and Hopkins DR",2011
"251","Epidemiological and entomological evaluations after six years or more of mass drug administration for lymphatic filariasis elimination in Nigeria","Richards FO, Eigege A, Miri ES, Kal A, Umaru J, Pam D, Rakers LJ, Sambo Y, Danboyi J, Ibrahim B, Adelamo SE, Ogah G, Goshit D, Oyenekan OK, Mathieu E, Withers PC, Saka YA, Jiya J and Hopkins DR",2011
"252","Epidemiological and entomological evaluations after six years or more of mass drug administration for lymphatic filariasis elimination in Nigeria","Richards FO, Eigege A, Miri ES, Kal A, Umaru J, Pam D, Rakers LJ, Sambo Y, Danboyi J, Ibrahim B, Adelamo SE, Ogah G, Goshit D, Oyenekan OK, Mathieu E, Withers PC, Saka YA, Jiya J and Hopkins DR",2011
"253","Epidemiological and entomological evaluations after six years or more of mass drug administration for lymphatic filariasis elimination in Nigeria","Richards FO, Eigege A, Miri ES, Kal A, Umaru J, Pam D, Rakers LJ, Sambo Y, Danboyi J, Ibrahim B, Adelamo SE, Ogah G, Goshit D, Oyenekan OK, Mathieu E, Withers PC, Saka YA, Jiya J and Hopkins DR",2011
"254","Epidemiological and entomological evaluations after six years or more of mass drug administration for lymphatic filariasis elimination in Nigeria","Richards FO, Eigege A, Miri ES, Kal A, Umaru J, Pam D, Rakers LJ, Sambo Y, Danboyi J, Ibrahim B, Adelamo SE, Ogah G, Goshit D, Oyenekan OK, Mathieu E, Withers PC, Saka YA, Jiya J and Hopkins DR",2011
"255","Epidemiological and entomological evaluations after six years or more of mass drug administration for lymphatic filariasis elimination in Nigeria","Richards FO, Eigege A, Miri ES, Kal A, Umaru J, Pam D, Rakers LJ, Sambo Y, Danboyi J, Ibrahim B, Adelamo SE, Ogah G, Goshit D, Oyenekan OK, Mathieu E, Withers PC, Saka YA, Jiya J and Hopkins DR",2011
"256","Epidemiological and entomological evaluations after six years or more of mass drug administration for lymphatic filariasis elimination in Nigeria","Richards FO, Eigege A, Miri ES, Kal A, Umaru J, Pam D, Rakers LJ, Sambo Y, Danboyi J, Ibrahim B, Adelamo SE, Ogah G, Goshit D, Oyenekan OK, Mathieu E, Withers PC, Saka YA, Jiya J and Hopkins DR",2011
"257","Epidemiological and entomological evaluations after six years or more of mass drug administration for lymphatic filariasis elimination in Nigeria","Richards FO, Eigege A, Miri ES, Kal A, Umaru J, Pam D, Rakers LJ, Sambo Y, Danboyi J, Ibrahim B, Adelamo SE, Ogah G, Goshit D, Oyenekan OK, Mathieu E, Withers PC, Saka YA, Jiya J and Hopkins DR",2011
"258","Epidemiological and entomological evaluations after six years or more of mass drug administration for lymphatic filariasis elimination in Nigeria","Richards FO, Eigege A, Miri ES, Kal A, Umaru J, Pam D, Rakers LJ, Sambo Y, Danboyi J, Ibrahim B, Adelamo SE, Ogah G, Goshit D, Oyenekan OK, Mathieu E, Withers PC, Saka YA, Jiya J and Hopkins DR",2011
"259","Epidemiological and entomological evaluations after six years or more of mass drug administration for lymphatic filariasis elimination in Nigeria","Richards FO, Eigege A, Miri ES, Kal A, Umaru J, Pam D, Rakers LJ, Sambo Y, Danboyi J, Ibrahim B, Adelamo SE, Ogah G, Goshit D, Oyenekan OK, Mathieu E, Withers PC, Saka YA, Jiya J and Hopkins DR",2011
"260","Epidemiological and entomological evaluations after six years or more of mass drug administration for lymphatic filariasis elimination in Nigeria","Richards FO, Eigege A, Miri ES, Kal A, Umaru J, Pam D, Rakers LJ, Sambo Y, Danboyi J, Ibrahim B, Adelamo SE, Ogah G, Goshit D, Oyenekan OK, Mathieu E, Withers PC, Saka YA, Jiya J and Hopkins DR",2011
"261","The impact of residual infections on Anopheles-transmitted Wuchereria bancrofti after multiple rounds of mass drug administration","de Souza DK, Ansumana R, Sessay S, Conteh A, Koudou B, Rebollo MP, Koroma J, Boakye DA and Bockarie MJ ",2015
"262","The impact of residual infections on Anopheles-transmitted Wuchereria bancrofti after multiple rounds of mass drug administration","de Souza DK, Ansumana R, Sessay S, Conteh A, Koudou B, Rebollo MP, Koroma J, Boakye DA and Bockarie MJ ",2015
"263","The impact of residual infections on Anopheles-transmitted Wuchereria bancrofti after multiple rounds of mass drug administration","de Souza DK, Ansumana R, Sessay S, Conteh A, Koudou B, Rebollo MP, Koroma J, Boakye DA and Bockarie MJ ",2015
"264","The impact of residual infections on Anopheles-transmitted Wuchereria bancrofti after multiple rounds of mass drug administration","de Souza DK, Ansumana R, Sessay S, Conteh A, Koudou B, Rebollo MP, Koroma J, Boakye DA and Bockarie MJ ",2015
"265","The impact of residual infections on Anopheles-transmitted Wuchereria bancrofti after multiple rounds of mass drug administration","de Souza DK, Ansumana R, Sessay S, Conteh A, Koudou B, Rebollo MP, Koroma J, Boakye DA and Bockarie MJ ",2015
"266","The impact of residual infections on Anopheles-transmitted Wuchereria bancrofti after multiple rounds of mass drug administration","de Souza DK, Ansumana R, Sessay S, Conteh A, Koudou B, Rebollo MP, Koroma J, Boakye DA and Bockarie MJ ",2015
"267","The impact of residual infections on Anopheles-transmitted Wuchereria bancrofti after multiple rounds of mass drug administration","de Souza DK, Ansumana R, Sessay S, Conteh A, Koudou B, Rebollo MP, Koroma J, Boakye DA and Bockarie MJ ",2015
"268","The impact of residual infections on Anopheles-transmitted Wuchereria bancrofti after multiple rounds of mass drug administration","de Souza DK, Ansumana R, Sessay S, Conteh A, Koudou B, Rebollo MP, Koroma J, Boakye DA and Bockarie MJ ",2015
"269","The impact of residual infections on Anopheles-transmitted Wuchereria bancrofti after multiple rounds of mass drug administration","de Souza DK, Ansumana R, Sessay S, Conteh A, Koudou B, Rebollo MP, Koroma J, Boakye DA and Bockarie MJ ",2015
"270","Programme to Eliminate Lymphatic Filariasis. Country Report WHO; TGO0015_LF2008","Togo Ministry of Health",2008
"271","Programme to Eliminate Lymphatic Filariasis. Country Report WHO; TGO0015_LF2008","Togo Ministry of Health",2008
"272","A 26-year follow-up of bancroftian filariasis in two communities in north-eastern Tanzania","Meyrowitsch DW, Simonsen PE and Magesa SM",2004
"273","A 26-year follow-up of bancroftian filariasis in two communities in north-eastern Tanzania","Meyrowitsch DW, Simonsen PE and Magesa SM",2004
"274","Evaluation of the program to eliminate lymphatic filariasis in Vanuatu following two years of mass drug administration implementation: results and methodologic approach","Fraser M, Taleo G, Taleo F, Yaviong J, Amos M, Babu M and Kalkoa M",2005
"275","Evaluation of the program to eliminate lymphatic filariasis in Vanuatu following two years of mass drug administration implementation: results and methodologic approach","Fraser M, Taleo G, Taleo F, Yaviong J, Amos M, Babu M and Kalkoa M",2005
"276","Evaluation of the program to eliminate lymphatic filariasis in Vanuatu following two years of mass drug administration implementation: results and methodologic approach","Fraser M, Taleo G, Taleo F, Yaviong J, Amos M, Babu M and Kalkoa M",2005
"277","Evaluation of the program to eliminate lymphatic filariasis in Vanuatu following two years of mass drug administration implementation: results and methodologic approach","Fraser M, Taleo G, Taleo F, Yaviong J, Amos M, Babu M and Kalkoa M",2005
"278","Evaluation of the program to eliminate lymphatic filariasis in Vanuatu following two years of mass drug administration implementation: results and methodologic approach","Fraser M, Taleo G, Taleo F, Yaviong J, Amos M, Babu M and Kalkoa M",2005
"279","Evaluation of the program to eliminate lymphatic filariasis in Vanuatu following two years of mass drug administration implementation: results and methodologic approach","Fraser M, Taleo G, Taleo F, Yaviong J, Amos M, Babu M and Kalkoa M",2005
"280","Evaluation of the program to eliminate lymphatic filariasis in Vanuatu following two years of mass drug administration implementation: results and methodologic approach","Fraser M, Taleo G, Taleo F, Yaviong J, Amos M, Babu M and Kalkoa M",2005
"281","Evaluation of the program to eliminate lymphatic filariasis in Vanuatu following two years of mass drug administration implementation: results and methodologic approach","Fraser M, Taleo G, Taleo F, Yaviong J, Amos M, Babu M and Kalkoa M",2005
"282","Evaluation of the program to eliminate lymphatic filariasis in Vanuatu following two years of mass drug administration implementation: results and methodologic approach","Fraser M, Taleo G, Taleo F, Yaviong J, Amos M, Babu M and Kalkoa M",2005
"283","Evaluation of the program to eliminate lymphatic filariasis in Vanuatu following two years of mass drug administration implementation: results and methodologic approach","Fraser M, Taleo G, Taleo F, Yaviong J, Amos M, Babu M and Kalkoa M",2005
"284","Evaluation of the program to eliminate lymphatic filariasis in Vanuatu following two years of mass drug administration implementation: results and methodologic approach","Fraser M, Taleo G, Taleo F, Yaviong J, Amos M, Babu M and Kalkoa M",2005
"285","Evaluation of the program to eliminate lymphatic filariasis in Vanuatu following two years of mass drug administration implementation: results and methodologic approach","Fraser M, Taleo G, Taleo F, Yaviong J, Amos M, Babu M and Kalkoa M",2005
"286","Evaluation of the program to eliminate lymphatic filariasis in Vanuatu following two years of mass drug administration implementation: results and methodologic approach","Fraser M, Taleo G, Taleo F, Yaviong J, Amos M, Babu M and Kalkoa M",2005
"287","Evaluation of the program to eliminate lymphatic filariasis in Vanuatu following two years of mass drug administration implementation: results and methodologic approach","Fraser M, Taleo G, Taleo F, Yaviong J, Amos M, Babu M and Kalkoa M",2005
"288","Evaluation of the program to eliminate lymphatic filariasis in Vanuatu following two years of mass drug administration implementation: results and methodologic approach","Fraser M, Taleo G, Taleo F, Yaviong J, Amos M, Babu M and Kalkoa M",2005
"289","Evaluation of the program to eliminate lymphatic filariasis in Vanuatu following two years of mass drug administration implementation: results and methodologic approach","Fraser M, Taleo G, Taleo F, Yaviong J, Amos M, Babu M and Kalkoa M",2005
"290","Evaluation of the program to eliminate lymphatic filariasis in Vanuatu following two years of mass drug administration implementation: results and methodologic approach","Fraser M, Taleo G, Taleo F, Yaviong J, Amos M, Babu M and Kalkoa M",2005
"291","Evaluation of the program to eliminate lymphatic filariasis in Vanuatu following two years of mass drug administration implementation: results and methodologic approach","Fraser M, Taleo G, Taleo F, Yaviong J, Amos M, Babu M and Kalkoa M",2005
"292","Epidemiological assessment of continuing transmission of lymphatic filariasis in Samoa","Joseph H, Maiava F, Naseri T, Silva U, Lammie P and Melrose W",2011
"293","Epidemiological assessment of continuing transmission of lymphatic filariasis in Samoa","Joseph H, Maiava F, Naseri T, Silva U, Lammie P and Melrose W",2011
"294","Epidemiological assessment of continuing transmission of lymphatic filariasis in Samoa","Joseph H, Maiava F, Naseri T, Silva U, Lammie P and Melrose W",2011
"295","Epidemiological assessment of continuing transmission of lymphatic filariasis in Samoa","Joseph H, Maiava F, Naseri T, Silva U, Lammie P and Melrose W",2011
"296","Epidemiological assessment of continuing transmission of lymphatic filariasis in Samoa","Joseph H, Maiava F, Naseri T, Silva U, Lammie P and Melrose W",2011
"297","Epidemiological assessment of continuing transmission of lymphatic filariasis in Samoa","Joseph H, Maiava F, Naseri T, Silva U, Lammie P and Melrose W",2011
"298","WHO country report","WHO",2007
"299","WHO country report","WHO",2007
"300","WHO country report","WHO",2007
"301","WHO country report","WHO",2007
"302","WHO country report","WHO",2007
"303","WHO country report","WHO",2007
"304","WHO country report","WHO",2007
