"Library_ID","pop_id","CONTINENT","REGION","WHO_region","ISO_CTRY","ADM0","ADM0_ID","ADM1","ADM1_ID","ADM2","ADM2_ID","TypeSite","Site_name","Precision","Latitude","Longitude","PoT","Coverage","Trial","TimePeriod","Year_start","Year_end","N_rounds","Method_0","LF_species","Sex","Age_Range","Age_start","Age_end","Author","Source","Year","Approval","Reference","Blood_volu_mean_Any_clinic","Blood_volu_mean_Blood_smear","Blood_volu_mean_Brugia_Rapid","Blood_volu_mean_Chamber","Blood_volu_mean_ELISA","Blood_volu_mean_Filtration","Blood_volu_mean_Hydrocele","Blood_volu_mean_ICT","Blood_volu_mean_IFI","Blood_volu_mean_Knott","Blood_volu_mean_Lymphedema","Blood_volu_mean_New_rapid_test","Blood_volu_mean_PCR","prev_mean_Any_clinic","prev_mean_Blood_smear","prev_mean_Brugia_Rapid","prev_mean_Chamber","prev_mean_ELISA","prev_mean_Filtration","prev_mean_Hydrocele","prev_mean_ICT","prev_mean_IFI","prev_mean_Knott","prev_mean_Lymphedema","prev_mean_New_rapid_test","prev_mean_PCR","density_mean_Any_clinic","density_mean_Blood_smear","density_mean_Brugia_Rapid","density_mean_Chamber","density_mean_ELISA","density_mean_Filtration","density_mean_Hydrocele","density_mean_ICT","density_mean_IFI","density_mean_Knott","density_mean_Lymphedema","density_mean_New_rapid_test","density_mean_PCR","pop_psum_Any_clinic","pop_psum_Blood_smear","pop_psum_Brugia_Rapid","pop_psum_Chamber","pop_psum_ELISA","pop_psum_Filtration","pop_psum_Hydrocele","pop_psum_ICT","pop_psum_IFI","pop_psum_Knott","pop_psum_Lymphedema","pop_psum_New_rapid_test","pop_psum_PCR","np_psum_Any_clinic","np_psum_Blood_smear","np_psum_Brugia_Rapid","np_psum_Chamber","np_psum_ELISA","np_psum_Filtration","np_psum_Hydrocele","np_psum_ICT","np_psum_IFI","np_psum_Knott","np_psum_Lymphedema","np_psum_New_rapid_test","np_psum_PCR","diagnostics","num_diagnostics","record_ids","specificity"
"ASM0001LF",5512,"Oceania","Western Pacific","WPRO","AS","American Samoa",12,"Eastern",135,"Vaifanua",1036,"Location","Aoa",1,-14.265556,-170.583893,"Postintervention","Local","Yes","before 1990",1963,1963,1,"Mapping survey","Wuchereria bancrofti","Both","Adults/Children",1,99,"Ciferri F, Siliga N, Long G and Kessel JF","Published paper",1969,"Yes","A filariasis-control program in American Samoa",NA,0,NA,NA,NA,NA,NA,NA,NA,NA,NA,NA,NA,NA,0.079,NA,NA,NA,NA,NA,NA,NA,NA,NA,NA,NA,NA,0,NA,NA,NA,NA,NA,NA,NA,NA,NA,NA,NA,NA,148,NA,NA,NA,NA,NA,NA,NA,NA,NA,NA,NA,NA,11,NA,NA,NA,NA,NA,NA,NA,NA,NA,NA,NA,"Blood_smear",1,"LF6846AS + LF6850AS","location + year + MDA round + Pre/Post Intervention"
"ASM0001LF",5513,"Oceania","Western Pacific","WPRO","AS","American Samoa",12,"Eastern",135,"Sa'Ole",1034,"Location","Amouli",1,-14.278056,-170.582504,"Postintervention","Local","Yes","before 1990",1963,1963,2,"Mapping survey","Wuchereria bancrofti","Both","Adults/Children",1,99,"Ciferri F, Siliga N, Long G and Kessel JF","Published paper",1969,"Yes","A filariasis-control program in American Samoa",NA,0,NA,NA,NA,NA,NA,NA,NA,NA,NA,NA,NA,NA,0.0675,NA,NA,NA,NA,NA,NA,NA,NA,NA,NA,NA,NA,0,NA,NA,NA,NA,NA,NA,NA,NA,NA,NA,NA,NA,211,NA,NA,NA,NA,NA,NA,NA,NA,NA,NA,NA,NA,10,NA,NA,NA,NA,NA,NA,NA,NA,NA,NA,NA,"Blood_smear",1,"LF6847AS + LF6851AS","location + year + MDA round + Pre/Post Intervention"
"ASM0001LF",5514,"Oceania","Western Pacific","WPRO","AS","American Samoa",12,"Western",138,"Lealataua",1044,"Location","Amanave",1,-14.33,-170.829437,"Postintervention","Local","Yes","before 1990",1963,1963,2,"Mapping survey","Wuchereria bancrofti","Both","Adults/Children",1,99,"Ciferri F, Siliga N, Long G and Kessel JF","Published paper",1969,"Yes","A filariasis-control program in American Samoa",NA,0,NA,NA,NA,NA,NA,NA,NA,NA,NA,NA,NA,NA,0.0715,NA,NA,NA,NA,NA,NA,NA,NA,NA,NA,NA,NA,0,NA,NA,NA,NA,NA,NA,NA,NA,NA,NA,NA,NA,200,NA,NA,NA,NA,NA,NA,NA,NA,NA,NA,NA,NA,7,NA,NA,NA,NA,NA,NA,NA,NA,NA,NA,NA,"Blood_smear",1,"LF6848AS + LF6852AS","location + year + MDA round + Pre/Post Intervention"
"BGD0002LF",4174,"Asia","Southern Asia","SEARO","BD","Bangladesh",23,"Khulna",578,"Khulna",5799,"Location","Khulna",1,22.83198,89.55867,"Preintervention","No","No","before 1990",1968,1969,0,"Mapping survey","Wuchereria bancrofti","Both","Children",0,0,"Wolfe MS and Aslamkhan M","Published paper",1971,"Yes","Filariasis in East Pakistan",NA,0,NA,NA,NA,NA,NA,NA,NA,NA,NA,NA,NA,NA,0.0123333333333333,NA,NA,NA,NA,NA,NA,NA,NA,NA,NA,NA,NA,0,NA,NA,NA,NA,NA,NA,NA,NA,NA,NA,NA,NA,84,NA,NA,NA,NA,NA,NA,NA,NA,NA,NA,NA,NA,0,NA,NA,NA,NA,NA,NA,NA,NA,NA,NA,NA,"Blood_smear",1,"LF5055BD + LF5056BD + LF5057BD","location"
"BGD0002LF",4176,"Asia","Southern Asia","SEARO","BD","Bangladesh",23,"Rajshahi",579,"Dinajpur",5806,"Location","Dinajpur",1,25.612459,88.63652,"Preintervention","No","No","before 1990",1968,1969,0,"Mapping survey","Wuchereria bancrofti","Both","Children",0,0,"Wolfe MS and Aslamkhan M","Published paper",1971,"Yes","Filariasis in East Pakistan",NA,0,NA,NA,NA,NA,NA,NA,NA,NA,NA,NA,NA,NA,0.135,NA,NA,NA,NA,NA,NA,NA,NA,NA,NA,NA,NA,0,NA,NA,NA,NA,NA,NA,NA,NA,NA,NA,NA,NA,34,NA,NA,NA,NA,NA,NA,NA,NA,NA,NA,NA,NA,6,NA,NA,NA,NA,NA,NA,NA,NA,NA,NA,NA,"Blood_smear",1,"LF5059BD + LF5060BD + LF5061BD","location"
"BRA0001LF",3677,"Americas","South America","AMRO","BR","Brazil",37,"Bahia",669,"Castro Alves",6620,"Location","Castro Alves",1,-12.75885,-39.425941,"Preintervention","No","No","before 1990",1966,1996,0,"Mapping survey","Wuchereria bancrofti","Both","Adults/Children",0,0,"Maciel MA, Marzochi KB, Silva EC, Rocha A and Furtado AF","Report",1994,"Yes","[Comparative studies on endemic areas of bancroftian filariasis in Greater Recife, Brazil]",NA,0,NA,NA,NA,NA,NA,NA,NA,NA,NA,NA,NA,NA,0.006,NA,NA,NA,NA,NA,NA,NA,NA,NA,NA,NA,NA,0,NA,NA,NA,NA,NA,NA,NA,NA,NA,NA,NA,NA,207,NA,NA,NA,NA,NA,NA,NA,NA,NA,NA,NA,NA,0,NA,NA,NA,NA,NA,NA,NA,NA,NA,NA,NA,"Blood_smear",1,"LF4443BR + LF4446BR + LF4447BR","age + location + year"
"BRA0001LF",3680,"Americas","South America","AMRO","BR","Brazil",37,"Para",678,"Belem",8742,"Location","Belem, Para",1,-1.45465,-48.502651,"Preintervention","No","No","before 1990",1966,1996,0,"Mapping survey","Wuchereria bancrofti","Both","Adults/Children",0,0,"Maciel MA, Marzochi KB, Silva EC, Rocha A and Furtado AF","Report",1994,"Yes","[Comparative studies on endemic areas of bancroftian filariasis in Greater Recife, Brazil]",NA,0,NA,NA,NA,NA,NA,NA,NA,NA,NA,NA,NA,NA,0.0015,NA,NA,NA,NA,NA,NA,NA,NA,NA,NA,NA,NA,0,NA,NA,NA,NA,NA,NA,NA,NA,NA,NA,NA,NA,266884,NA,NA,NA,NA,NA,NA,NA,NA,NA,NA,NA,NA,296,NA,NA,NA,NA,NA,NA,NA,NA,NA,NA,NA,"Blood_smear",1,"LF4448BR + LF4450BR","age + location + year"
"BRA0001LF",3681,"Americas","South America","AMRO","BR","Brazil",37,"Pernambuco",681,"Recife",9621,"Location","Recife",1,-8.05389,-34.8811,"Preintervention","No","No","before 1990",1966,1996,0,"Mapping survey","Wuchereria bancrofti","Both","Adults/Children",0,0,"Maciel MA, Marzochi KB, Silva EC, Rocha A and Furtado AF","Report",1994,"Yes","[Comparative studies on endemic areas of bancroftian filariasis in Greater Recife, Brazil]",NA,0,NA,NA,NA,NA,NA,NA,NA,NA,NA,NA,NA,NA,0.047,NA,NA,NA,NA,NA,NA,NA,NA,NA,NA,NA,NA,0,NA,NA,NA,NA,NA,NA,NA,NA,NA,NA,NA,NA,10581,NA,NA,NA,NA,NA,NA,NA,NA,NA,NA,NA,NA,683,NA,NA,NA,NA,NA,NA,NA,NA,NA,NA,NA,"Blood_smear",1,"LF4449BR + LF4451BR + LF4459BR + LF4461BR","age + location + year"
"BRA0001LF",3683,"Americas","South America","AMRO","BR","Brazil",37,"Alagoas",666,"Maceio",6400,"Location","Maceio, Alagoas",1,-9.66648,-35.734951,"Preintervention","No","No","before 1990",1966,1996,0,"Mapping survey","Wuchereria bancrofti","Both","Adults/Children",0,0,"Maciel MA, Marzochi KB, Silva EC, Rocha A and Furtado AF","Report",1994,"Yes","[Comparative studies on endemic areas of bancroftian filariasis in Greater Recife, Brazil]",NA,0,NA,NA,NA,NA,NA,NA,NA,NA,NA,NA,NA,NA,0.00566666666666667,NA,NA,NA,NA,NA,NA,NA,NA,NA,NA,NA,NA,0,NA,NA,NA,NA,NA,NA,NA,NA,NA,NA,NA,NA,10857,NA,NA,NA,NA,NA,NA,NA,NA,NA,NA,NA,NA,73,NA,NA,NA,NA,NA,NA,NA,NA,NA,NA,NA,"Blood_smear",1,"LF4453BR + LF4454BR + LF4460BR","age + location + year"
"CRI0002LF",3791,"Americas","Central America","AMRO","CR","Costa Rica",61,"Limon",985,"Limon",14515,"Location","Puerto Limon",1,9.99091,-83.028976,"Preintervention","No","No","before 1990",1976,1976,0,"Mapping survey","Wuchereria bancrofti","Both","Adults/Children",1,99,"Weinstock H, Paniagua F, Garc??s JL, Z????iga A, Granados C and Hern?índez E","Published paper",1977,"Yes","Bancroftian Filariasis in Puerto Lim??n, Costa Rica",NA,NA,NA,NA,NA,NA,NA,NA,NA,1000,NA,NA,NA,NA,NA,NA,NA,NA,NA,NA,NA,NA,0.0275,NA,NA,NA,NA,NA,NA,NA,NA,NA,NA,NA,NA,0,NA,NA,NA,NA,NA,NA,NA,NA,NA,NA,NA,NA,1196,NA,NA,NA,NA,NA,NA,NA,NA,NA,NA,NA,NA,39,NA,NA,NA,"Knott",1,"LF4565CR + LF4566CR","Total"
"EGY0001LF",1333,"Africa","Northern Africa","AFRO/EMRO","EG","Egypt",40765,"Al Daqahliyah (dakahlia)",1160,"Administrative unit not available",15542,"Area","El-Mansura",1,31.016667,31.5,"Preintervention","No","No","before 1990",1955,1964,0,"Mapping survey","Wuchereria bancrofti","Both","Adults/Children",0,0,"Shawarby AA, Mahdi AH, Naguib AM and Moharram A","Published paper",1965,"Yes","Incidence of Filariasis in Egypt",NA,20,NA,NA,NA,NA,NA,NA,NA,NA,NA,NA,NA,NA,0.001,NA,NA,NA,NA,NA,NA,NA,NA,NA,NA,NA,NA,0,NA,NA,NA,NA,NA,NA,NA,NA,NA,NA,NA,NA,3495,NA,NA,NA,NA,NA,NA,NA,NA,NA,NA,NA,NA,2,NA,NA,NA,NA,NA,NA,NA,NA,NA,NA,NA,"Blood_smear",1,"LF1451EG + LF1452EG","location"
"EGY0010LF",1383,"Africa","Northern Africa","AFRO/EMRO","EG","Egypt",40765,"Al Gharbiyah (gharbia)",1162,"Administrative unit not available",15544,"Area","Azizia",2,30.847838,31.203795,"Preintervention","No","No","2000-2010",2000,2000,0,"SS/Spot","Wuchereria bancrofti","Both","Children",7,11,"Ramzy RM, El Setouhy M, Helmy H, Ahmed ES, Abd Elaziz KM, Farid HA, Shannon WD and Weil GJ","Published paper",2006,"Yes","Effect of yearly mass drug administration with diethylcarbamazine and albendazole on bancroftian filariasis in Egypt: a comprehensive assessment",NA,NA,NA,NA,300,NA,NA,NA,NA,NA,NA,NA,NA,NA,NA,NA,NA,0.234,NA,NA,NA,NA,NA,NA,NA,NA,NA,NA,NA,NA,0,NA,NA,NA,NA,NA,NA,NA,NA,NA,NA,NA,NA,628,NA,NA,NA,NA,NA,NA,NA,NA,NA,NA,NA,NA,179,NA,NA,NA,NA,NA,NA,NA,NA,"ELISA",1,"LF1502EG + LF1508EG","age + location + year + MDA round + Pre/Post Intervention"
"EGY0010LF",1385,"Africa","Northern Africa","AFRO/EMRO","EG","Egypt",40765,"Al Gharbiyah (gharbia)",1162,"Administrative unit not available",15544,"Area","Azizia",2,30.847838,31.203795,"Postintervention","Country","No","2000-2010",2002,2002,2,"SS/Spot","Wuchereria bancrofti","Both","Children",7,11,"Ramzy RM, El Setouhy M, Helmy H, Ahmed ES, Abd Elaziz KM, Farid HA, Shannon WD and Weil GJ","Published paper",2006,"Yes","Effect of yearly mass drug administration with diethylcarbamazine and albendazole on bancroftian filariasis in Egypt: a comprehensive assessment",NA,NA,NA,NA,300,NA,NA,NA,NA,NA,NA,NA,NA,NA,NA,NA,NA,0.08,NA,NA,NA,NA,NA,NA,NA,NA,NA,NA,NA,NA,0,NA,NA,NA,NA,NA,NA,NA,NA,NA,NA,NA,NA,596,NA,NA,NA,NA,NA,NA,NA,NA,NA,NA,NA,NA,72,NA,NA,NA,NA,NA,NA,NA,NA,"ELISA",1,"LF1504EG + LF1509EG","age + location + year + MDA round + Pre/Post Intervention"
"EGY0010LF",1386,"Africa","Northern Africa","AFRO/EMRO","EG","Egypt",40765,"Al Gharbiyah (gharbia)",1162,"Administrative unit not available",15544,"Area","Azizia",2,30.847838,31.203795,"Postintervention","Country","No","2000-2010",2003,2003,3,"SS/Spot","Wuchereria bancrofti","Both","Children",7,11,"Ramzy RM, El Setouhy M, Helmy H, Ahmed ES, Abd Elaziz KM, Farid HA, Shannon WD and Weil GJ","Published paper",2006,"Yes","Effect of yearly mass drug administration with diethylcarbamazine and albendazole on bancroftian filariasis in Egypt: a comprehensive assessment",NA,NA,NA,NA,300,NA,NA,NA,NA,NA,NA,NA,NA,NA,NA,NA,NA,0.0435,NA,NA,NA,NA,NA,NA,NA,NA,NA,NA,NA,NA,0,NA,NA,NA,NA,NA,NA,NA,NA,NA,NA,NA,NA,422,NA,NA,NA,NA,NA,NA,NA,NA,NA,NA,NA,NA,28,NA,NA,NA,NA,NA,NA,NA,NA,"ELISA",1,"LF1505EG + LF1510EG","age + location + year + MDA round + Pre/Post Intervention"
"EGY0010LF",1387,"Africa","Northern Africa","AFRO/EMRO","EG","Egypt",40765,"Al Gharbiyah (gharbia)",1162,"Administrative unit not available",15544,"Area","Azizia",2,30.847838,31.203795,"Postintervention","Country","No","2000-2010",2004,2004,4,"SS/Spot","Wuchereria bancrofti","Both","Children",7,11,"Ramzy RM, El Setouhy M, Helmy H, Ahmed ES, Abd Elaziz KM, Farid HA, Shannon WD and Weil GJ","Published paper",2006,"Yes","Effect of yearly mass drug administration with diethylcarbamazine and albendazole on bancroftian filariasis in Egypt: a comprehensive assessment",NA,NA,NA,NA,300,NA,NA,NA,NA,NA,NA,NA,NA,NA,NA,NA,NA,0.0465,NA,NA,NA,NA,NA,NA,NA,NA,NA,NA,NA,NA,0,NA,NA,NA,NA,NA,NA,NA,NA,NA,NA,NA,NA,396,NA,NA,NA,NA,NA,NA,NA,NA,NA,NA,NA,NA,31,NA,NA,NA,NA,NA,NA,NA,NA,"ELISA",1,"LF1506EG + LF1511EG","age + location + year + MDA round + Pre/Post Intervention"
"EGY0010LF",1388,"Africa","Northern Africa","AFRO/EMRO","EG","Egypt",40765,"Al Gharbiyah (gharbia)",1162,"Administrative unit not available",15544,"Area","Azizia",2,30.847838,31.203795,"Postintervention","Country","No","2000-2010",2005,2005,5,"SS/Spot","Wuchereria bancrofti","Both","Children",7,11,"Ramzy RM, El Setouhy M, Helmy H, Ahmed ES, Abd Elaziz KM, Farid HA, Shannon WD and Weil GJ","Published paper",2006,"Yes","Effect of yearly mass drug administration with diethylcarbamazine and albendazole on bancroftian filariasis in Egypt: a comprehensive assessment",NA,NA,NA,NA,300,NA,NA,NA,NA,NA,NA,NA,NA,NA,NA,NA,NA,0.008,NA,NA,NA,NA,NA,NA,NA,NA,NA,NA,NA,NA,0,NA,NA,NA,NA,NA,NA,NA,NA,NA,NA,NA,NA,415,NA,NA,NA,NA,NA,NA,NA,NA,NA,NA,NA,NA,6,NA,NA,NA,NA,NA,NA,NA,NA,"ELISA",1,"LF1507EG + LF1512EG","age + location + year + MDA round + Pre/Post Intervention"
"EGY0010LF",1389,"Africa","Northern Africa","AFRO/EMRO","EG","Egypt",40765,"Ash Sharqiyah (sharkia)",1172,"Administrative unit not available",15554,"Area","Tahoria/Kafr Tahoria",3,30.357851,31.321922,"Preintervention","No","No","2000-2010",2000,2000,0,"SS/Spot","Wuchereria bancrofti","Both","Children",7,11,"Ramzy RM, El Setouhy M, Helmy H, Ahmed ES, Abd Elaziz KM, Farid HA, Shannon WD and Weil GJ","Published paper",2006,"Yes","Effect of yearly mass drug administration with diethylcarbamazine and albendazole on bancroftian filariasis in Egypt: a comprehensive assessment",NA,NA,NA,NA,300,NA,NA,NA,NA,NA,NA,NA,NA,NA,NA,NA,NA,0.067,NA,NA,NA,NA,NA,NA,NA,NA,NA,NA,NA,NA,0,NA,NA,NA,NA,NA,NA,NA,NA,NA,NA,NA,NA,154,NA,NA,NA,NA,NA,NA,NA,NA,NA,NA,NA,NA,18,NA,NA,NA,NA,NA,NA,NA,NA,"ELISA",1,"LF1513EG + LF1519EG","age + location + year + MDA round + Pre/Post Intervention"
"EGY0010LF",1391,"Africa","Northern Africa","AFRO/EMRO","EG","Egypt",40765,"Ash Sharqiyah (sharkia)",1172,"Administrative unit not available",15554,"Area","Tahoria/Kafr Tahoria",3,30.357851,31.321922,"Postintervention","Country","No","2000-2010",2002,2002,2,"SS/Spot","Wuchereria bancrofti","Both","Children",7,11,"Ramzy RM, El Setouhy M, Helmy H, Ahmed ES, Abd Elaziz KM, Farid HA, Shannon WD and Weil GJ","Published paper",2006,"Yes","Effect of yearly mass drug administration with diethylcarbamazine and albendazole on bancroftian filariasis in Egypt: a comprehensive assessment",NA,NA,NA,NA,300,NA,NA,NA,NA,NA,NA,NA,NA,NA,NA,NA,NA,0.0155,NA,NA,NA,NA,NA,NA,NA,NA,NA,NA,NA,NA,0,NA,NA,NA,NA,NA,NA,NA,NA,NA,NA,NA,NA,140,NA,NA,NA,NA,NA,NA,NA,NA,NA,NA,NA,NA,2,NA,NA,NA,NA,NA,NA,NA,NA,"ELISA",1,"LF1515EG + LF1520EG","age + location + year + MDA round + Pre/Post Intervention"
"EGY0010LF",1392,"Africa","Northern Africa","AFRO/EMRO","EG","Egypt",40765,"Ash Sharqiyah (sharkia)",1172,"Administrative unit not available",15554,"Area","Tahoria/Kafr Tahoria",3,30.357851,31.321922,"Postintervention","Country","No","2000-2010",2003,2003,3,"SS/Spot","Wuchereria bancrofti","Both","Children",7,11,"Ramzy RM, El Setouhy M, Helmy H, Ahmed ES, Abd Elaziz KM, Farid HA, Shannon WD and Weil GJ","Published paper",2006,"Yes","Effect of yearly mass drug administration with diethylcarbamazine and albendazole on bancroftian filariasis in Egypt: a comprehensive assessment",NA,NA,NA,NA,300,NA,NA,NA,NA,NA,NA,NA,NA,NA,NA,NA,NA,0.0075,NA,NA,NA,NA,NA,NA,NA,NA,NA,NA,NA,NA,0,NA,NA,NA,NA,NA,NA,NA,NA,NA,NA,NA,NA,137,NA,NA,NA,NA,NA,NA,NA,NA,NA,NA,NA,NA,2,NA,NA,NA,NA,NA,NA,NA,NA,"ELISA",1,"LF1516EG + LF1521EG","age + location + year + MDA round + Pre/Post Intervention"
"EGY0010LF",1393,"Africa","Northern Africa","AFRO/EMRO","EG","Egypt",40765,"Ash Sharqiyah (sharkia)",1172,"Administrative unit not available",15554,"Area","Tahoria/Kafr Tahoria",3,30.357851,31.321922,"Postintervention","Country","No","2000-2010",2004,2004,4,"SS/Spot","Wuchereria bancrofti","Both","Children",7,11,"Ramzy RM, El Setouhy M, Helmy H, Ahmed ES, Abd Elaziz KM, Farid HA, Shannon WD and Weil GJ","Published paper",2006,"Yes","Effect of yearly mass drug administration with diethylcarbamazine and albendazole on bancroftian filariasis in Egypt: a comprehensive assessment",NA,NA,NA,NA,300,NA,NA,NA,NA,NA,NA,NA,NA,NA,NA,NA,NA,0,NA,NA,NA,NA,NA,NA,NA,NA,NA,NA,NA,NA,0,NA,NA,NA,NA,NA,NA,NA,NA,NA,NA,NA,NA,111,NA,NA,NA,NA,NA,NA,NA,NA,NA,NA,NA,NA,0,NA,NA,NA,NA,NA,NA,NA,NA,"ELISA",1,"LF1517EG + LF1522EG","age + location + year + MDA round + Pre/Post Intervention"
"EGY0010LF",1394,"Africa","Northern Africa","AFRO/EMRO","EG","Egypt",40765,"Ash Sharqiyah (sharkia)",1172,"Administrative unit not available",15554,"Area","Tahoria/Kafr Tahoria",3,30.357851,31.321922,"Postintervention","Country","No","2000-2010",2005,2005,5,"SS/Spot","Wuchereria bancrofti","Both","Children",7,11,"Ramzy RM, El Setouhy M, Helmy H, Ahmed ES, Abd Elaziz KM, Farid HA, Shannon WD and Weil GJ","Published paper",2006,"Yes","Effect of yearly mass drug administration with diethylcarbamazine and albendazole on bancroftian filariasis in Egypt: a comprehensive assessment",NA,NA,NA,NA,300,NA,NA,NA,NA,NA,NA,NA,NA,NA,NA,NA,NA,0,NA,NA,NA,NA,NA,NA,NA,NA,NA,NA,NA,NA,0,NA,NA,NA,NA,NA,NA,NA,NA,NA,NA,NA,NA,131,NA,NA,NA,NA,NA,NA,NA,NA,NA,NA,NA,NA,0,NA,NA,NA,NA,NA,NA,NA,NA,"ELISA",1,"LF1518EG + LF1523EG","age + location + year + MDA round + Pre/Post Intervention"
"GHA0019LF",8845,"Africa","Western Africa","AFRO/EMRO","GH","Ghana",94,"Central",1326,"",0,"Location","Ankwanda/Brenu-Akyinim",1,5.07143,-1.39185,"Postintervention","No","No","2010-on",2012,2012,9,"Surveillance","Wuchereria bancrofti","Both","Adults/Children",3,99,"Owusu IO, de Souza DK, Anto F, Wilson MD, Boakye DA, Bockarie MJ and Gyapong JO ","Published paper",2015,"Yes","Evaluation of human and mosquito based diagnostic tools for defining endpoints for elimination of Anopheles transmitted lymphatic filariasis in Ghana",NA,60,NA,NA,300,NA,NA,100,NA,NA,NA,NA,300,NA,0.017,NA,NA,0.125,NA,NA,0.078,NA,NA,NA,NA,0.009,NA,0,NA,NA,0,NA,NA,0,NA,NA,NA,NA,0,NA,653,NA,NA,653,NA,NA,653,NA,NA,NA,NA,653,NA,11,NA,NA,79,NA,NA,51,NA,NA,NA,NA,6,"Blood_smear + ICT + ELISA + PCR",4,"LF10605GH + LF10606GH + LF10607GH","age + location"
"GHA0019LF",8846,"Africa","Western Africa","AFRO/EMRO","GH","Ghana",94,"Central",1326,"",0,"School","Ankwanda/Brenu-Akyinim",1,5.07143,-1.39185,"Postintervention","No","No","2010-on",2012,2012,9,"TAS","Wuchereria bancrofti","Both","Children",6,11,"Owusu IO, de Souza DK, Anto F, Wilson MD, Boakye DA, Bockarie MJ and Gyapong JO ","Published paper",2015,"Yes","Evaluation of human and mosquito based diagnostic tools for defining endpoints for elimination of Anopheles transmitted lymphatic filariasis in Ghana",NA,NA,NA,NA,300,NA,NA,100,NA,NA,NA,NA,300,NA,NA,NA,NA,0.0295,NA,NA,0.016,NA,NA,NA,NA,0,NA,NA,NA,NA,0,NA,NA,0,NA,NA,NA,NA,0,NA,NA,NA,NA,308,NA,NA,308,NA,NA,NA,NA,308,NA,NA,NA,NA,3,NA,NA,5,NA,NA,NA,NA,0,"ICT + ELISA + PCR",3,"LF10608GH + LF10609GH + LF10610GH","age + location"
"GMB0005LF",8764,"Africa","Western Africa","AFRO/EMRO","GM","The Gambia",90,"Kombo Saint Mary",1286,"Kombo Saint Mary",16416,"School","Tallinding",2,13.42722,-16.67361,"Preintervention","No","No","2010-on",2013,2013,0,"TAS","Wuchereria bancrofti","Both","Children",6,7,"Rebollo MP, Sambou SM, Thomas B, Biritwum NK, Jaye MC, Kelly-Hope L, Escalada AG, Molyneux DH and Bockarie MJ ","Published paper",2015,"Yes","Elimination of lymphatic filariasis in the Gambia",NA,NA,NA,NA,NA,NA,NA,100,NA,NA,NA,NA,NA,NA,NA,NA,NA,NA,NA,NA,0,NA,NA,NA,NA,NA,NA,NA,NA,NA,NA,NA,NA,0,NA,NA,NA,NA,NA,NA,NA,NA,NA,NA,NA,NA,39,NA,NA,NA,NA,NA,NA,NA,NA,NA,NA,NA,NA,0,NA,NA,NA,NA,NA,"ICT",1,"LF10510GM + LF10511GM + LF10513GM","location"
"GMB0005LF",8804,"Africa","Western Africa","AFRO/EMRO","GM","The Gambia",90,"North Bank",1288,"Upper Baddibu",16427,"School","Farafenni",1,13.56667,-15.6,"Preintervention","No","No","2010-on",2013,2013,0,"TAS","Wuchereria bancrofti","Both","Children",6,7,"Rebollo MP, Sambou SM, Thomas B, Biritwum NK, Jaye MC, Kelly-Hope L, Escalada AG, Molyneux DH and Bockarie MJ ","Published paper",2015,"Yes","Elimination of lymphatic filariasis in the Gambia",NA,NA,NA,NA,NA,NA,NA,100,NA,NA,NA,NA,NA,NA,NA,NA,NA,NA,NA,NA,0,NA,NA,NA,NA,NA,NA,NA,NA,NA,NA,NA,NA,0,NA,NA,NA,NA,NA,NA,NA,NA,NA,NA,NA,NA,50,NA,NA,NA,NA,NA,NA,NA,NA,NA,NA,NA,NA,0,NA,NA,NA,NA,NA,"ICT",1,"LF10556GM + LF10557GM","location"
"GUY0001LF",3837,"Americas","South America","AMRO","GY","Guyana",107,"Demerara Mahaica (region N4)",1400,"Moblissa/la Reconnaissance",17145,"Location","Georgetown",1,6.80855,-58.161251,"Preintervention","No","No","before 1990",1945,1948,0,"Mapping survey","Wuchereria bancrofti","Both","Adults/Children",0,0,"Grace AW, Grace FB and Warren S","Published paper",1932,"Yes","The Parallel Incidence of Filaria Bancrofti and the ?-Haemolytic Streptococcus in Certain Tropical Countries",NA,0,NA,NA,NA,NA,NA,NA,NA,NA,NA,NA,NA,NA,0.164,NA,NA,NA,NA,NA,NA,NA,NA,NA,NA,NA,NA,0,NA,NA,NA,NA,NA,NA,NA,NA,NA,NA,NA,NA,3671,NA,NA,NA,NA,NA,NA,NA,NA,NA,NA,NA,NA,696,NA,NA,NA,NA,NA,NA,NA,NA,NA,NA,NA,"Blood_smear",1,"LF4620GY + LF4621GY","location"
"GUY0003LF",3829,"Americas","South America","AMRO","GY","Guyana",107,"Demerara Mahaica (region N4)",1400,"Moblissa/la Reconnaissance",17145,"Location","Georgetown",1,6.80855,-58.161251,"Preintervention","No","No","before 1990",1921,1921,0,"Mapping survey","Wuchereria bancrofti","Both","Adults/Children",0,0,"Addiss D and Chuke S","Report",2002,"Yes","Lymphatic filariasis in the Americas: an epidemiologic history",NA,0,NA,NA,NA,NA,NA,NA,NA,NA,NA,NA,NA,NA,0.141,NA,NA,NA,NA,NA,NA,NA,NA,NA,NA,NA,NA,0,NA,NA,NA,NA,NA,NA,NA,NA,NA,NA,NA,NA,431,NA,NA,NA,NA,NA,NA,NA,NA,NA,NA,NA,NA,31,NA,NA,NA,NA,NA,NA,NA,NA,NA,NA,NA,"Blood_smear",1,"LF4607GY + LF4608GY","age + location + year + Pre/Post Intervention"
"IDN0030LF",4412,"Asia","South-Eastern Asia","SEARO","ID","Indonesia",116,"Nusatenggara Timur",1529,"Alor",18149,"Location","Mainang",1,-8.2831,124.6254,"Preintervention","No","No","2000-2010",2001,2001,0,"Mapping survey","Brugia timori","Both","Adults/Children",4,99,"Supali T, Wibowo H and R??ckert P","Published paper",2002,"Yes","High prevalence of Brugia timori infection in the highland of Alor Island, Indonesia.",NA,20,NA,NA,NA,NA,0,NA,NA,NA,0,NA,NA,NA,0.2005,NA,NA,NA,NA,0,NA,NA,NA,0.138,NA,NA,NA,71,NA,NA,NA,NA,0,NA,NA,NA,0,NA,NA,NA,586,NA,NA,NA,NA,43,NA,NA,NA,586,NA,NA,NA,157,NA,NA,NA,NA,0,NA,NA,NA,77,NA,NA,"Blood_smear + Hydrocele + Lymphedema",3,"LF5382ID + LF5399ID","location"
"IDN0039LF",4449,"Asia","South-Eastern Asia","SEARO","ID","Indonesia",116,"Jawa Barat",73613,"Bogor",18008,"City/regency","Bogor",1,-6.6004,106.794853,"Unknown","Unknown","Unknown","2000-2010",2007,2007,0,"Mapping survey","","Both","Adults/Children",0,0,"Rusmartini T and Yuliantina F","Published paper",2008,"Yes","Prevalence study of reemerging lymphatic filariasis in West Java, Indonesia",NA,0,NA,NA,NA,NA,NA,NA,NA,NA,NA,NA,NA,NA,0.0125,NA,NA,NA,NA,NA,NA,NA,NA,NA,NA,NA,NA,0,NA,NA,NA,NA,NA,NA,NA,NA,NA,NA,NA,NA,1190,NA,NA,NA,NA,NA,NA,NA,NA,NA,NA,NA,NA,6,NA,NA,NA,NA,NA,NA,NA,NA,NA,NA,NA,"Blood_smear",1,"LF5423ID + LF5429ID","location"
"IDN0040LF",4722,"Asia","South-Eastern Asia","SEARO","ID","Indonesia",116,"Dki Jakarta",1516,"Kota Jakarta Selatan",73724,"Area","Kebayoran Lama",1,-6.25039,106.781403,"Preintervention","No","No","before 1990",1970,1970,0,"Mapping survey","Wuchereria bancrofti","Both","Adults/Children",0,0,"Joesoef A and Cross JH","Published paper",1978,"Yes","Human filariae in Indonesia",NA,0,NA,NA,NA,NA,NA,NA,NA,NA,NA,NA,NA,NA,0.0405,NA,NA,NA,NA,NA,NA,NA,NA,NA,NA,NA,NA,0,NA,NA,NA,NA,NA,NA,NA,NA,NA,NA,NA,NA,473,NA,NA,NA,NA,NA,NA,NA,NA,NA,NA,NA,NA,14,NA,NA,NA,NA,NA,NA,NA,NA,NA,NA,NA,"Blood_smear",1,"LF5714ID + LF5715ID","location + year"
"MDG0006LF",2277,"Africa","Eastern Africa","AFRO/EMRO","MG","Madagascar",150,"Sofia",41769,"Antsohihy",19240,"Location","Ambodimanary",1,-15.233391,48.003728,"Preintervention","No","No","2000-2010",2004,2004,0,"Mapping survey","Wuchereria bancrofti","Both","Adults",0,0,"Madagascar Ministry of Health","Report",2007,"No","Programme to Eliminate Lymphatic Filariasis. Country Report WHO; MDG0002_LF2007",NA,NA,NA,NA,NA,NA,NA,100,NA,NA,NA,NA,NA,NA,NA,NA,NA,NA,NA,NA,0.45,NA,NA,NA,NA,NA,NA,NA,NA,NA,NA,NA,NA,0,NA,NA,NA,NA,NA,NA,NA,NA,NA,NA,NA,NA,95,NA,NA,NA,NA,NA,NA,NA,NA,NA,NA,NA,NA,44,NA,NA,NA,NA,NA,"ICT",1,"LF2508MG + LF2509MG","age + location + year + MDA round + Pre/Post Intervention"
"MDG0006LF",2280,"Africa","Eastern Africa","AFRO/EMRO","MG","Madagascar",150,"Sofia",41769,"Bealalana",19241,"Location","Bealalana",1,-14.55,48.733333,"Preintervention","No","No","2000-2010",2004,2004,0,"Mapping survey","Wuchereria bancrofti","Both","Adults",0,0,"Madagascar Ministry of Health","Report",2007,"No","Programme to Eliminate Lymphatic Filariasis. Country Report WHO; MDG0002_LF2007",NA,NA,NA,NA,NA,NA,NA,100,NA,NA,NA,NA,NA,NA,NA,NA,NA,NA,NA,NA,0.031,NA,NA,NA,NA,NA,NA,NA,NA,NA,NA,NA,NA,0,NA,NA,NA,NA,NA,NA,NA,NA,NA,NA,NA,NA,100,NA,NA,NA,NA,NA,NA,NA,NA,NA,NA,NA,NA,3,NA,NA,NA,NA,NA,"ICT",1,"LF2512MG + LF2513MG","age + location + year + MDA round + Pre/Post Intervention"
"PRI0001LF",3930,"Americas","Caribbean","AMRO","PR","Puerto Rico",181,"San Juan",2389,"San Juan",2389,"Location","Santurce",1,18.4547,-66.064583,"Preintervention","No","No","before 1990",1927,1927,0,"Mapping survey","Wuchereria bancrofti","Both","Children",0,0,"Addiss D and Chuke S","Report",2002,"Yes","Lymphatic filariasis in the Americas: an epidemiologic history",NA,0,NA,NA,NA,NA,NA,NA,NA,NA,NA,NA,NA,NA,0.0723333333333333,NA,NA,NA,NA,NA,NA,NA,NA,NA,NA,NA,NA,0,NA,NA,NA,NA,NA,NA,NA,NA,NA,NA,NA,NA,63,NA,NA,NA,NA,NA,NA,NA,NA,NA,NA,NA,NA,5,NA,NA,NA,NA,NA,NA,NA,NA,NA,NA,NA,"Blood_smear",1,"LF4720PR + LF4721PR + LF4723PR","age + location + year"
"PYF0002LF",5830,"Oceania","Western Pacific","WPRO","PF","French Polynesia",87,"Administrative unit not available",1273,"Administrative unit not available",16355,"Island","Tahiti",1,-17.69138,-149.376526,"Preintervention","No","No","before 1990",1949,1949,0,"Mapping survey","Wuchereria bancrofti","Male","Adults/Children",1,99,"March HN, Laigret J, Kessel JF and Bambridge B","Published paper",1960,"Yes","Reduction in the prevalence of clinical filariasis in Tahiti following adoption of a control program",0,0,NA,NA,NA,NA,0,NA,NA,NA,0,NA,NA,0.352,0.379,NA,NA,NA,NA,0.099,NA,NA,NA,0.07,NA,NA,0,0,NA,NA,NA,NA,0,NA,NA,NA,0,NA,NA,203,3390,NA,NA,NA,NA,203,NA,NA,NA,3390,NA,NA,143,1285,NA,NA,NA,NA,20,NA,NA,NA,238,NA,NA,"Any_clinic + Hydrocele + Blood_smear + Lymphedema",4,"LF7178PF + LF7180PF","year + Pre/Post Intervention"
"PYF0002LF",5831,"Oceania","Western Pacific","WPRO","PF","French Polynesia",87,"Administrative unit not available",1273,"Administrative unit not available",16355,"Island","Tahiti",1,-17.69138,-149.376526,"Postintervention","Country","No","before 1990",1959,1959,0,"Mapping survey","Wuchereria bancrofti","Male","Adults/Children",1,99,"March HN, Laigret J, Kessel JF and Bambridge B","Published paper",1960,"Yes","Reduction in the prevalence of clinical filariasis in Tahiti following adoption of a control program",0,0,NA,NA,NA,NA,0,NA,NA,NA,0,NA,NA,0.123,0.065,NA,NA,NA,NA,0.033,NA,NA,NA,0.023,NA,NA,0,0,NA,NA,NA,NA,0,NA,NA,NA,0,NA,NA,426,4262,NA,NA,NA,NA,426,NA,NA,NA,7360,NA,NA,105,276,NA,NA,NA,NA,14,NA,NA,NA,169,NA,NA,"Any_clinic + Hydrocele + Blood_smear + Lymphedema",4,"LF7179PF + LF7181PF","year + Pre/Post Intervention"
"PYF0010LF",5782,"Oceania","Western Pacific","WPRO","PF","French Polynesia",87,"Administrative unit not available",1273,"Administrative unit not available",16355,"Island","Raiatea",1,-16.825268,-151.441513,"Preintervention","No","No","1990-2000",1990,1990,0,"Mapping survey","Wuchereria bancrofti","Both","Adults/Children",0,0,"Williams SA, Nicolas L, Lizotte-Waniewski M, Plichart C, Luquiaud P, Nguyen LN and Moulia-Pelat JP","Published paper",1996,"Yes","A polymerase chain reaction assay for the detection of Wuchereria bancrofti in blood samples from French Polynesia",NA,NA,NA,NA,0,0,NA,NA,NA,NA,NA,NA,0,NA,NA,NA,NA,0.568,0.303,NA,NA,NA,NA,NA,NA,0.265,NA,NA,NA,NA,0,0,NA,NA,NA,NA,NA,NA,0,NA,NA,NA,NA,373,373,NA,NA,NA,NA,NA,NA,373,NA,NA,NA,NA,212,113,NA,NA,NA,NA,NA,NA,99,"Filtration + ELISA + PCR",3,"LF7129PF + LF7130PF","Total"
"SUR0001LF",3980,"Americas","South America","AMRO","SR","Suriname",233,"Commewijne",2772,"Nieuw Amsterdam",25890,"Location","Marienburg, Zoelen and Backdam",2,5.87395,-55.042568,"Unknown","Unknown","Unknown","before 1990",1979,1981,0,"Mapping survey","Wuchereria bancrofti","Both","Adults",0,0,"Addiss D and Chuke S","Report",2002,"Yes","Lymphatic filariasis in the Americas: an epidemiologic history",NA,0,NA,NA,NA,0,NA,NA,NA,NA,NA,NA,NA,NA,0.029,NA,NA,NA,0.063,NA,NA,NA,NA,NA,NA,NA,NA,0,NA,NA,NA,0,NA,NA,NA,NA,NA,NA,NA,NA,410,NA,NA,NA,410,NA,NA,NA,NA,NA,NA,NA,NA,12,NA,NA,NA,26,NA,NA,NA,NA,NA,NA,NA,"Blood_smear + Filtration",2,"LF4779SR + LF4780SR","age + location + year + Pre/Post Intervention"
"SUR0001LF",3981,"Americas","South America","AMRO","SR","Suriname",233,"Brokopondo",2771,"Centrum",25881,"Location","Victoria",1,5.12726,-55.016281,"Unknown","Unknown","Unknown","before 1990",1979,1981,0,"Mapping survey","Wuchereria bancrofti","Both","Adults",0,0,"Addiss D and Chuke S","Report",2002,"Yes","Lymphatic filariasis in the Americas: an epidemiologic history",NA,0,NA,NA,NA,0,NA,NA,NA,NA,NA,NA,NA,NA,0.063,NA,NA,NA,0.094,NA,NA,NA,NA,NA,NA,NA,NA,0,NA,NA,NA,0,NA,NA,NA,NA,NA,NA,NA,NA,192,NA,NA,NA,192,NA,NA,NA,NA,NA,NA,NA,NA,12,NA,NA,NA,18,NA,NA,NA,NA,NA,NA,NA,"Blood_smear + Filtration",2,"LF4781SR + LF4782SR","age + location + year + Pre/Post Intervention"
"SUR0001LF",3990,"Americas","South America","AMRO","SR","Suriname",233,"Nickerie",2775,"Nieuw Nickerie",25902,"Location","Nieuw Nickerie",1,5.93394,-56.986431,"Unknown","Unknown","Unknown","before 1990",1979,1979,0,"Mapping survey","Wuchereria bancrofti","Both","Adults/Children",0,0,"Addiss D and Chuke S","Report",2002,"Yes","Lymphatic filariasis in the Americas: an epidemiologic history",NA,0,NA,NA,NA,0,NA,NA,NA,NA,0,NA,NA,NA,0.002,NA,NA,NA,0.012,NA,NA,NA,NA,0.0315,NA,NA,NA,0,NA,NA,NA,0,NA,NA,NA,NA,0,NA,NA,NA,5886,NA,NA,NA,567,NA,NA,NA,NA,567,NA,NA,NA,10,NA,NA,NA,17,NA,NA,NA,NA,14,NA,NA,"Blood_smear + Lymphedema + Filtration",3,"LF4797SR + LF4798SR","age + location + year + Pre/Post Intervention"
"TZA0012LF",3041,"Africa","Eastern Africa","AFRO/EMRO","TZ","Tanzania",257,"Pwani",48373,"Rufiji",48471,"Area","Lower Rufiji Basin",1,-8,39.333333,"Preintervention","No","No","before 1990",1981,1981,0,"Mapping survey","Wuchereria bancrofti","Both","Adults/Children",1,99,"Matola YG","Published paper",1985,"Yes","Prospects of human malaria and Bancroftian filariasis infections in the Lower Rufiji Basin, Tanzania II. Bancroftian filariasis",NA,100,NA,NA,NA,NA,0,NA,NA,NA,0,NA,NA,NA,0.177,NA,NA,NA,NA,0.13,NA,NA,NA,0.0065,NA,NA,NA,142.5,NA,NA,NA,NA,0,NA,NA,NA,0,NA,NA,NA,1813,NA,NA,NA,NA,755,NA,NA,NA,1574,NA,NA,NA,277,NA,NA,NA,NA,74,NA,NA,NA,14,NA,NA,"Blood_smear + Hydrocele + Lymphedema",3,"LF3678TZ + LF3688TZ","Total"
"TZA0013LF",3144,"Africa","Eastern Africa","AFRO/EMRO","TZ","Tanzania",257,"Unguja South",48379,"South District",48510,"Location","Makunduchi",1,-6.27152,39.50201,"Preintervention","No","No","before 1990",1988,1988,0,"Mapping survey","Wuchereria bancrofti","Both","Adults/Children",2,99,"Maxwell CA, Curtis CF, Haji H, Kisumku S, Thalib AI and Yahya SA","Published paper",1990,"Yes","Control of Bancroftian filariasis by integrating therapy with vector control using polystyrene beads in wet pit latrines",NA,100,NA,NA,NA,NA,NA,NA,NA,NA,NA,NA,NA,NA,0.3,NA,NA,NA,NA,NA,NA,NA,NA,NA,NA,NA,NA,16.99,NA,NA,NA,NA,NA,NA,NA,NA,NA,NA,NA,NA,669,NA,NA,NA,NA,NA,NA,NA,NA,NA,NA,NA,NA,70,NA,NA,NA,NA,NA,NA,NA,NA,NA,NA,NA,"Blood_smear",1,"LF3851TZ + LF3852TZ","year"
"VIR0001LF",4020,"Americas","Caribbean","AMRO","VI","Virgin Islands, U.S.",244,"Saint Croix",3286,"Saint Croix",3286,"County","Christiansted, Frederiksted sugarcane estates",1,17.746719,-64.704178,"Preintervention","No","No","before 1990",1946,1946,0,"Mapping survey","Wuchereria bancrofti","Both","Children",1,15,"Addiss D and Chuke S","Report",2002,"Yes","Lymphatic filariasis in the Americas: an epidemiologic history",NA,0,NA,NA,NA,NA,NA,NA,NA,NA,NA,NA,NA,NA,0.1155,NA,NA,NA,NA,NA,NA,NA,NA,NA,NA,NA,NA,0,NA,NA,NA,NA,NA,NA,NA,NA,NA,NA,NA,NA,906,NA,NA,NA,NA,NA,NA,NA,NA,NA,NA,NA,NA,96,NA,NA,NA,NA,NA,NA,NA,NA,NA,NA,NA,"Blood_smear",1,"LF4830VI + LF4831VI","age + location + year + Pre/Post Intervention"
"VUT0002LF",6469,"Oceania","Western Pacific","WPRO","VU","Vanuatu",262,"Torba",3301,"Administrative unit not available",31855,"Island group","Torres",1,-13.262626,166.615799,"Preintervention","No","No","before 1990",1978,1979,0,"Mapping survey","","Both","Adults/Children",2,99,"Bouree P, Sauvagnac B and Montaville B","Published paper",1987,"Yes","[Lymphatic filariasis in Vanuatu]",NA,20,NA,NA,NA,NA,NA,NA,NA,NA,0,NA,NA,NA,0.225,NA,NA,NA,NA,NA,NA,NA,NA,0.013,NA,NA,NA,0,NA,NA,NA,NA,NA,NA,NA,NA,0,NA,NA,NA,149,NA,NA,NA,NA,NA,NA,NA,NA,149,NA,NA,NA,0,NA,NA,NA,NA,NA,NA,NA,NA,2,NA,NA,"Blood_smear + Lymphedema",2,"LF8028VU + LF8029VU","location + year"
